Current (A);Voltage (V);Electron current (pA) Run #20
-3.461E-14;0.050;0.035
-3.108E-14;0.054;0.031
-2.996E-14;0.052;0.030
-2.451E-14;0.052;0.025
-2.842E-14;0.050;0.028
-2.556E-14;0.051;0.026
-2.478E-14;0.051;0.025
-2.480E-14;0.048;0.025
-2.450E-14;0.050;0.024
-2.671E-14;0.051;0.027
-2.374E-14;0.051;0.024
-1.923E-14;0.052;0.019
-2.064E-14;0.051;0.021
-1.946E-14;0.054;0.019
-1.901E-14;0.054;0.019
-2.563E-14;0.055;0.026
-2.625E-14;0.085;0.026
-2.628E-14;0.141;0.026
-2.438E-14;0.201;0.024
-2.634E-14;0.276;0.026
-2.549E-14;0.349;0.025
-2.559E-14;0.417;0.026
-2.534E-14;0.469;0.025
-2.286E-14;0.501;0.023
-2.476E-14;0.575;0.025
-2.310E-14;0.660;0.023
-2.075E-14;0.735;0.021
-2.594E-14;0.815;0.026
-2.559E-14;0.907;0.026
-2.689E-14;1.009;0.027
-2.930E-14;1.098;0.029
-2.424E-14;1.174;0.024
-2.234E-14;1.262;0.022
-2.157E-14;1.371;0.022
-2.144E-14;1.483;0.021
-1.877E-14;1.586;0.019
-2.412E-14;1.699;0.024
-2.490E-14;1.804;0.025
-2.378E-14;1.884;0.024
-2.504E-14;1.956;0.025
-2.682E-14;2.030;0.027
-2.780E-14;2.083;0.028
-2.126E-14;2.153;0.021
-2.264E-14;2.265;0.023
-2.239E-14;2.377;0.022
-2.311E-14;2.493;0.023
-2.102E-14;2.601;0.021
-2.302E-14;2.756;0.023
-2.109E-14;2.985;0.021
-2.126E-14;3.194;0.021
-1.903E-14;3.350;0.019
-2.300E-14;3.454;0.023
-1.947E-14;3.577;0.019
-2.081E-14;3.705;0.021
-2.070E-14;3.829;0.021
-2.006E-14;3.991;0.020
-2.496E-14;4.159;0.025
-2.477E-14;4.238;0.025
-2.225E-14;4.272;0.022
-2.504E-14;4.282;0.025
-2.230E-14;4.300;0.022
-2.112E-14;4.413;0.021
-2.111E-14;4.589;0.021
-2.098E-14;4.761;0.021
-2.737E-14;4.895;0.027
-2.383E-14;4.978;0.024
-3.036E-14;5.059;0.030
-2.815E-14;5.164;0.028
-2.455E-14;5.277;0.025
-2.288E-14;5.382;0.023
-2.432E-14;5.535;0.024
-2.471E-14;5.701;0.025
-1.958E-14;5.851;0.020
-2.220E-14;5.961;0.022
-2.338E-14;6.042;0.023
-2.360E-14;6.171;0.024
-2.938E-14;6.294;0.029
-2.629E-14;6.407;0.026
-2.573E-14;6.513;0.026
-2.450E-14;6.639;0.024
-2.190E-14;6.738;0.022
-1.866E-14;6.821;0.019
-2.233E-14;6.924;0.022
-1.555E-14;7.011;0.016
-1.871E-14;7.094;0.019
-1.721E-14;7.154;0.017
-1.743E-14;7.233;0.017
-2.457E-14;7.276;0.025
-2.173E-14;7.295;0.022
-2.849E-14;7.302;0.028
-2.673E-14;7.312;0.027
-2.822E-14;7.369;0.028
-2.729E-14;7.475;0.027
-2.933E-14;7.587;0.029
-2.965E-14;7.714;0.030
-2.743E-14;7.823;0.027
-2.896E-14;7.936;0.029
-2.585E-14;8.038;0.026
-3.158E-14;8.115;0.032
-2.616E-14;8.142;0.026
-2.773E-14;8.163;0.028
-2.457E-14;8.172;0.025
-2.452E-14;8.175;0.025
-2.219E-14;8.175;0.022
-2.390E-14;8.177;0.024
-2.612E-14;8.187;0.026
-2.606E-14;8.193;0.026
-2.393E-14;8.193;0.024
-2.599E-14;8.215;0.026
-2.959E-14;8.252;0.030
-2.955E-14;8.293;0.030
-2.816E-14;8.316;0.028
-3.141E-14;8.324;0.031
-3.245E-14;8.329;0.032
-2.800E-14;8.332;0.028
-2.723E-14;8.342;0.027
-2.388E-14;8.380;0.024
-2.212E-14;8.404;0.022
-1.793E-14;8.426;0.018
-2.095E-14;8.456;0.021
-2.400E-14;8.478;0.024
-2.006E-14;8.514;0.020
-2.075E-14;8.564;0.021
-2.399E-14;8.586;0.024
-2.571E-14;8.608;0.026
-2.511E-14;8.658;0.025
-2.361E-14;8.733;0.024
-2.522E-14;8.774;0.025
-2.250E-14;8.833;0.022
-2.167E-14;8.917;0.022
-2.144E-14;8.955;0.021
-2.437E-14;8.968;0.024
-2.029E-14;8.976;0.020
-2.194E-14;8.982;0.022
-1.997E-14;8.981;0.020
-2.460E-14;9.069;0.025
-2.554E-14;9.214;0.026
-2.288E-14;9.346;0.023
-2.279E-14;9.466;0.023
-2.969E-14;9.530;0.030
-2.780E-14;9.600;0.028
-2.654E-14;9.713;0.027
-2.947E-14;9.852;0.029
-2.716E-14;9.930;0.027
-2.404E-14;9.997;0.024
-2.395E-14;10.052;0.024
-2.710E-14;10.099;0.027
-2.395E-14;10.149;0.024
-2.795E-14;10.192;0.028
-2.550E-14;10.206;0.026
-2.592E-14;10.217;0.026
-2.468E-14;10.217;0.025
-2.423E-14;10.218;0.024
-2.750E-14;10.237;0.028
-2.727E-14;10.247;0.027
-2.319E-14;10.257;0.023
-2.426E-14;10.281;0.024
-2.366E-14;10.290;0.024
-2.467E-14;10.324;0.025
-2.816E-14;10.370;0.028
-3.055E-14;10.432;0.031
-3.120E-14;10.496;0.031
-3.137E-14;10.574;0.031
-2.734E-14;10.623;0.027
-2.849E-14;10.642;0.028
-3.138E-14;10.650;0.031
-2.717E-14;10.653;0.027
-3.011E-14;10.714;0.030
-3.176E-14;10.844;0.032
-3.107E-14;10.925;0.031
-2.925E-14;11.048;0.029
-3.031E-14;11.148;0.030
-3.104E-14;11.275;0.031
-4.355E-14;11.394;0.044
-4.961E-14;11.512;0.050
-5.405E-14;11.647;0.054
-5.713E-14;11.730;0.057
-5.632E-14;11.791;0.056
-6.226E-14;11.858;0.062
-7.012E-14;11.922;0.070
-7.965E-14;11.954;0.080
-8.274E-14;11.969;0.083
-9.233E-14;11.966;0.092
-9.861E-14;11.964;0.099
-1.039E-13;11.981;0.104
-1.011E-13;12.088;0.101
-1.084E-13;12.207;0.108
-1.148E-13;12.299;0.115
-1.281E-13;12.350;0.128
-1.401E-13;12.369;0.140
-1.531E-13;12.380;0.153
-1.595E-13;12.394;0.159
-1.709E-13;12.436;0.171
-1.725E-13;12.519;0.172
-1.865E-13;12.596;0.186
-1.981E-13;12.685;0.198
-2.175E-13;12.791;0.218
-2.376E-13;12.906;0.238
-2.626E-13;12.984;0.263
-2.840E-13;13.011;0.284
-3.138E-13;13.027;0.314
-3.322E-13;13.040;0.332
-3.477E-13;13.059;0.348
-3.569E-13;13.117;0.357
-3.661E-13;13.148;0.366
-3.781E-13;13.161;0.378
-3.973E-13;13.165;0.397
-4.069E-13;13.182;0.407
-4.112E-13;13.208;0.411
-4.202E-13;13.258;0.420
-4.361E-13;13.282;0.436
-4.487E-13;13.292;0.449
-4.579E-13;13.296;0.458
-4.621E-13;13.302;0.462
-4.650E-13;13.297;0.465
-4.693E-13;13.296;0.469
-4.745E-13;13.299;0.475
-4.757E-13;13.306;0.476
-4.741E-13;13.335;0.474
-4.792E-13;13.339;0.479
-4.851E-13;13.347;0.485
-4.955E-13;13.351;0.496
-5.029E-13;13.352;0.503
-5.007E-13;13.361;0.501
-5.071E-13;13.367;0.507
-5.077E-13;13.384;0.508
-5.101E-13;13.392;0.510
-5.153E-13;13.406;0.515
-5.218E-13;13.413;0.522
-5.260E-13;13.426;0.526
-5.268E-13;13.441;0.527
-5.359E-13;13.446;0.536
-5.387E-13;13.449;0.539
-5.421E-13;13.448;0.542
-5.419E-13;13.448;0.542
-5.472E-13;13.457;0.547
-5.486E-13;13.461;0.549
-5.490E-13;13.463;0.549
-5.506E-13;13.467;0.551
-5.521E-13;13.468;0.552
-5.511E-13;13.467;0.551
-5.492E-13;13.474;0.549
-5.488E-13;13.467;0.549
-5.529E-13;13.465;0.553
-5.525E-13;13.468;0.553
-5.502E-13;13.468;0.550
-5.508E-13;13.466;0.551
-5.492E-13;13.472;0.549
-5.483E-13;13.466;0.548
-5.477E-13;13.473;0.548
-5.509E-13;13.481;0.551
-5.593E-13;13.486;0.559
-5.566E-13;13.500;0.557
-5.609E-13;13.512;0.561
-5.615E-13;13.506;0.562
-5.667E-13;13.507;0.567
-5.645E-13;13.509;0.564
-5.646E-13;13.517;0.565
-5.717E-13;13.524;0.572
-5.711E-13;13.527;0.571
-5.689E-13;13.528;0.569
-5.768E-13;13.529;0.577
-5.791E-13;13.530;0.579
-5.773E-13;13.529;0.577
-5.797E-13;13.529;0.580
-5.781E-13;13.531;0.578
-5.779E-13;13.534;0.578
-5.802E-13;13.567;0.580
-5.864E-13;13.588;0.586
-5.910E-13;13.595;0.591
-5.961E-13;13.599;0.596
-5.996E-13;13.603;0.600
-6.081E-13;13.612;0.608
-6.100E-13;13.617;0.610
-6.116E-13;13.620;0.612
-6.201E-13;13.619;0.620
-6.192E-13;13.619;0.619
-6.197E-13;13.624;0.620
-6.199E-13;13.621;0.620
-6.197E-13;13.622;0.620
-6.227E-13;13.623;0.623
-6.206E-13;13.625;0.621
-6.211E-13;13.658;0.621
-6.238E-13;13.694;0.624
-6.345E-13;13.706;0.635
-6.431E-13;13.709;0.643
-6.520E-13;13.713;0.652
-6.610E-13;13.715;0.661
-6.699E-13;13.714;0.670
-6.710E-13;13.716;0.671
-6.708E-13;13.715;0.671
-6.771E-13;13.716;0.677
-6.782E-13;13.715;0.678
-6.784E-13;13.720;0.678
-6.774E-13;13.719;0.677
-6.801E-13;13.715;0.680
-6.760E-13;13.716;0.676
-6.754E-13;13.719;0.675
-6.811E-13;13.715;0.681
-6.789E-13;13.712;0.679
-6.731E-13;13.720;0.673
-6.768E-13;13.715;0.677
-6.694E-13;13.715;0.669
-6.681E-13;13.719;0.668
-6.722E-13;13.717;0.672
-6.739E-13;13.716;0.674
-6.771E-13;13.719;0.677
-6.713E-13;13.719;0.671
-6.779E-13;13.716;0.678
-6.747E-13;13.718;0.675
-6.770E-13;13.716;0.677
-6.705E-13;13.712;0.670
-6.704E-13;13.717;0.670
-6.648E-13;13.718;0.665
-6.672E-13;13.717;0.667
-6.699E-13;13.717;0.670
-6.742E-13;13.717;0.674
-6.746E-13;13.712;0.675
-6.772E-13;13.714;0.677
-6.761E-13;13.715;0.676
-6.775E-13;13.723;0.677
-6.802E-13;13.780;0.680
-6.864E-13;13.834;0.686
-6.988E-13;13.855;0.699
-7.100E-13;13.865;0.710
-7.292E-13;13.866;0.729
-7.419E-13;13.862;0.742
-7.480E-13;13.869;0.748
-7.590E-13;13.868;0.759
-7.571E-13;13.872;0.757
-7.634E-13;13.862;0.763
-7.666E-13;13.888;0.767
-7.667E-13;13.913;0.767
-7.751E-13;13.962;0.775
-7.830E-13;14.001;0.783
-8.062E-13;14.018;0.806
-8.196E-13;14.040;0.820
-8.432E-13;14.055;0.843
-8.574E-13;14.068;0.857
-8.666E-13;14.085;0.867
-8.769E-13;14.093;0.877
-8.913E-13;14.109;0.891
-9.013E-13;14.154;0.901
-9.120E-13;14.191;0.912
-9.290E-13;14.210;0.929
-9.477E-13;14.216;0.948
-9.636E-13;14.227;0.964
-9.780E-13;14.238;0.978
-9.908E-13;14.257;0.991
-1.001E-12;14.286;1.001
-1.018E-12;14.320;1.018
-1.031E-12;14.376;1.031
-1.053E-12;14.441;1.053
-1.083E-12;14.505;1.083
-1.120E-12;14.581;1.120
-1.168E-12;14.645;1.168
-1.223E-12;14.703;1.223
-1.277E-12;14.761;1.277
-1.333E-12;14.805;1.333
-1.393E-12;14.849;1.393
-1.444E-12;14.872;1.444
-1.496E-12;14.903;1.496
-1.535E-12;14.944;1.535
-1.578E-12;14.975;1.578
-1.624E-12;15.022;1.624
-1.668E-12;15.069;1.668
-1.714E-12;15.111;1.714
-1.754E-12;15.146;1.754
-1.798E-12;15.172;1.798
-1.840E-12;15.217;1.840
-1.882E-12;15.254;1.882
-1.923E-12;15.275;1.923
-1.959E-12;15.288;1.959
-1.996E-12;15.301;1.996
-2.025E-12;15.350;2.025
-2.057E-12;15.432;2.057
-2.095E-12;15.492;2.095
-2.151E-12;15.525;2.151
-2.209E-12;15.551;2.209
-2.264E-12;15.612;2.264
-2.324E-12;15.650;2.324
-2.371E-12;15.669;2.371
-2.425E-12;15.675;2.425
-2.462E-12;15.690;2.462
-2.491E-12;15.701;2.491
-2.518E-12;15.693;2.518
-2.531E-12;15.692;2.531
-2.537E-12;15.697;2.537
-2.550E-12;15.696;2.550
-2.550E-12;15.695;2.550
-2.559E-12;15.696;2.559
-2.557E-12;15.691;2.557
-2.560E-12;15.696;2.560
-2.557E-12;15.695;2.557
-2.555E-12;15.697;2.555
-2.554E-12;15.695;2.554
-2.551E-12;15.696;2.551
-2.546E-12;15.697;2.546
-2.544E-12;15.696;2.544
-2.543E-12;15.697;2.543
-2.535E-12;15.697;2.535
-2.537E-12;15.696;2.537
-2.538E-12;15.696;2.538
-2.533E-12;15.694;2.533
-2.525E-12;15.697;2.525
-2.527E-12;15.698;2.527
-2.523E-12;15.697;2.523
-2.528E-12;15.694;2.528
-2.523E-12;15.696;2.523
-2.519E-12;15.698;2.519
-2.519E-12;15.699;2.519
-2.512E-12;15.697;2.512
-2.511E-12;15.699;2.511
-2.510E-12;15.696;2.510
-2.507E-12;15.702;2.507
-2.504E-12;15.696;2.504
-2.508E-12;15.708;2.508
-2.504E-12;15.697;2.504
-2.502E-12;15.697;2.502
-2.501E-12;15.694;2.501
-2.497E-12;15.699;2.497
-2.494E-12;15.699;2.494
-2.496E-12;15.699;2.496
-2.489E-12;15.697;2.489
-2.492E-12;15.697;2.492
-2.487E-12;15.698;2.487
-2.487E-12;15.698;2.487
-2.482E-12;15.698;2.482
-2.482E-12;15.697;2.482
-2.481E-12;15.696;2.481
-2.477E-12;15.697;2.477
-2.481E-12;15.698;2.481
-2.477E-12;15.698;2.477
-2.473E-12;15.699;2.473
-2.470E-12;15.697;2.470
-2.471E-12;15.697;2.471
-2.467E-12;15.702;2.467
-2.463E-12;15.697;2.463
-2.460E-12;15.699;2.460
-2.458E-12;15.700;2.458
-2.463E-12;15.699;2.463
-2.460E-12;15.703;2.460
-2.459E-12;15.711;2.459
-2.454E-12;15.700;2.454
-2.456E-12;15.702;2.456
-2.453E-12;15.703;2.453
-2.451E-12;15.704;2.451
-2.455E-12;15.703;2.455
-2.451E-12;15.705;2.451
-2.446E-12;15.703;2.446
-2.447E-12;15.704;2.447
-2.441E-12;15.692;2.441
-2.438E-12;15.700;2.438
-2.432E-12;15.703;2.432
-2.432E-12;15.702;2.432
-2.433E-12;15.702;2.433
-2.427E-12;15.701;2.427
-2.429E-12;15.700;2.429
-2.431E-12;15.702;2.431
-2.434E-12;15.700;2.434
-2.425E-12;15.701;2.425
-2.425E-12;15.702;2.425
-2.420E-12;15.708;2.420
-2.420E-12;15.702;2.420
-2.419E-12;15.699;2.419
-2.413E-12;15.703;2.413
-2.419E-12;15.702;2.419
-2.418E-12;15.701;2.418
-2.419E-12;15.702;2.419
-2.414E-12;15.703;2.414
-2.414E-12;15.703;2.414
-2.409E-12;15.703;2.409
-2.410E-12;15.714;2.410
-2.406E-12;15.704;2.406
-2.411E-12;15.703;2.411
-2.403E-12;15.706;2.403
-2.406E-12;15.701;2.406
-2.402E-12;15.701;2.402
-2.397E-12;15.702;2.397
-2.400E-12;15.703;2.400
-2.398E-12;15.703;2.398
-2.393E-12;15.703;2.393
-2.392E-12;15.702;2.392
-2.392E-12;15.703;2.392
-2.389E-12;15.702;2.389
-2.385E-12;15.697;2.385
-2.383E-12;15.689;2.383
-2.384E-12;15.700;2.384
-2.384E-12;15.703;2.384
-2.382E-12;15.703;2.382
-2.385E-12;15.698;2.385
-2.377E-12;15.701;2.377
-2.379E-12;15.703;2.379
-2.379E-12;15.705;2.379
-2.373E-12;15.705;2.373
-2.375E-12;15.701;2.375
-2.374E-12;15.705;2.374
-2.373E-12;15.746;2.373
-2.384E-12;15.823;2.384
-2.411E-12;15.865;2.411
-2.446E-12;15.884;2.446
-2.493E-12;15.910;2.493
-2.539E-12;15.946;2.539
-2.573E-12;15.988;2.573
-2.621E-12;16.045;2.621
-2.667E-12;16.077;2.667
-2.719E-12;16.100;2.719
-2.768E-12;16.135;2.768
-2.813E-12;16.171;2.813
-2.857E-12;16.215;2.857
-2.906E-12;16.280;2.906
-2.957E-12;16.353;2.957
-3.029E-12;16.428;3.029
-3.111E-12;16.512;3.111
-3.206E-12;16.568;3.206
-3.304E-12;16.596;3.304
-3.397E-12;16.612;3.397
-3.470E-12;16.612;3.470
-3.531E-12;16.612;3.531
-3.566E-12;16.606;3.566
-3.586E-12;16.616;3.586
-3.599E-12;16.619;3.599
-3.606E-12;16.639;3.606
-3.618E-12;16.657;3.618
-3.633E-12;16.675;3.633
-3.652E-12;16.688;3.652
-3.674E-12;16.691;3.674
-3.694E-12;16.692;3.694
-3.708E-12;16.703;3.708
-3.715E-12;16.709;3.715
-3.727E-12;16.712;3.727
-3.731E-12;16.709;3.731
-3.731E-12;16.712;3.731
-3.737E-12;16.711;3.737
-3.733E-12;16.711;3.733
-3.734E-12;16.712;3.734
-3.728E-12;16.711;3.728
-3.733E-12;16.711;3.733
-3.736E-12;16.712;3.736
-3.730E-12;16.709;3.730
-3.726E-12;16.711;3.726
-3.721E-12;16.709;3.721
-3.718E-12;16.711;3.718
-3.718E-12;16.711;3.718
-3.715E-12;16.712;3.715
-3.714E-12;16.712;3.714
-3.709E-12;16.711;3.709
-3.702E-12;16.709;3.702
-3.702E-12;16.713;3.702
-3.700E-12;16.710;3.700
-3.696E-12;16.711;3.696
-3.695E-12;16.713;3.695
-3.689E-12;16.710;3.689
-3.687E-12;16.712;3.687
-3.683E-12;16.712;3.683
-3.675E-12;16.712;3.675
-3.675E-12;16.712;3.675
-3.678E-12;16.712;3.678
-3.668E-12;16.715;3.668
-3.667E-12;16.710;3.667
-3.670E-12;16.712;3.670
-3.665E-12;16.715;3.665
-3.666E-12;16.711;3.666
-3.664E-12;16.715;3.664
-3.658E-12;16.713;3.658
-3.653E-12;16.712;3.653
-3.650E-12;16.713;3.650
-3.648E-12;16.713;3.648
-3.643E-12;16.711;3.643
-3.638E-12;16.709;3.638
-3.631E-12;16.709;3.631
-3.633E-12;16.710;3.633
-3.633E-12;16.711;3.633
-3.627E-12;16.715;3.627
-3.623E-12;16.710;3.623
-3.623E-12;16.711;3.623
-3.620E-12;16.712;3.620
-3.614E-12;16.712;3.614
-3.610E-12;16.711;3.610
-3.606E-12;16.707;3.606
-3.606E-12;16.712;3.606
-3.604E-12;16.710;3.604
-3.601E-12;16.710;3.601
-3.600E-12;16.711;3.600
-3.597E-12;16.711;3.597
-3.593E-12;16.710;3.593
-3.588E-12;16.710;3.588
-3.585E-12;16.712;3.585
-3.582E-12;16.713;3.582
-3.585E-12;16.713;3.585
-3.578E-12;16.712;3.578
-3.573E-12;16.713;3.573
-3.574E-12;16.717;3.574
-3.572E-12;16.711;3.572
-3.569E-12;16.718;3.569
-3.565E-12;16.713;3.565
-3.556E-12;16.714;3.556
-3.560E-12;16.737;3.560
-3.565E-12;16.761;3.565
-3.576E-12;16.786;3.576
-3.598E-12;16.804;3.598
-3.620E-12;16.844;3.620
-3.653E-12;16.880;3.653
-3.691E-12;16.923;3.691
-3.733E-12;16.961;3.733
-3.779E-12;17.005;3.779
-3.836E-12;17.071;3.836
-3.892E-12;17.118;3.892
-3.961E-12;17.149;3.961
-4.028E-12;17.188;4.028
-4.087E-12;17.219;4.087
-4.145E-12;17.253;4.145
-4.199E-12;17.308;4.199
-4.257E-12;17.388;4.257
-4.330E-12;17.460;4.330
-4.415E-12;17.517;4.415
-4.510E-12;17.572;4.510
-4.603E-12;17.630;4.603
-4.691E-12;17.693;4.691
-4.776E-12;17.734;4.776
-4.866E-12;17.750;4.866
-4.935E-12;17.764;4.935
-4.990E-12;17.770;4.990
-5.029E-12;17.781;5.029
-5.062E-12;17.788;5.062
-5.084E-12;17.791;5.084
-5.100E-12;17.800;5.100
-5.112E-12;17.792;5.112
-5.118E-12;17.793;5.118
-5.125E-12;17.791;5.125
-5.126E-12;17.791;5.126
-5.122E-12;17.792;5.122
-5.118E-12;17.795;5.118
-5.116E-12;17.795;5.116
-5.113E-12;17.791;5.113
-5.109E-12;17.798;5.109
-5.101E-12;17.794;5.101
-5.100E-12;17.792;5.100
-5.092E-12;17.793;5.092
-5.086E-12;17.796;5.086
-5.089E-12;17.793;5.089
-5.081E-12;17.793;5.081
-5.077E-12;17.793;5.077
-5.074E-12;17.788;5.074
-5.069E-12;17.794;5.069
-5.067E-12;17.793;5.067
-5.060E-12;17.789;5.060
-5.055E-12;17.793;5.055
-5.050E-12;17.794;5.050
-5.044E-12;17.798;5.044
-5.039E-12;17.796;5.039
-5.037E-12;17.794;5.037
-5.029E-12;17.793;5.029
-5.023E-12;17.793;5.023
-5.021E-12;17.796;5.021
-5.015E-12;17.793;5.015
-5.012E-12;17.795;5.012
-5.007E-12;17.795;5.007
-4.998E-12;17.792;4.998
-4.999E-12;17.795;4.999
-4.992E-12;17.793;4.992
-4.991E-12;17.793;4.991
-4.980E-12;17.793;4.980
-4.977E-12;17.797;4.977
-4.973E-12;17.790;4.973
-4.965E-12;17.794;4.965
-4.961E-12;17.790;4.961
-4.959E-12;17.799;4.959
-4.959E-12;17.792;4.959
-4.950E-12;17.793;4.950
-4.954E-12;17.793;4.954
-4.948E-12;17.793;4.948
-4.938E-12;17.794;4.938
-4.935E-12;17.792;4.935
-4.928E-12;17.792;4.928
-4.917E-12;17.796;4.917
-4.914E-12;17.790;4.914
-4.904E-12;17.794;4.904
-4.903E-12;17.795;4.903
-4.898E-12;17.793;4.898
-4.888E-12;17.785;4.888
-4.891E-12;17.793;4.891
-4.884E-12;17.792;4.884
-4.880E-12;17.791;4.880
-4.877E-12;17.792;4.877
-4.876E-12;17.795;4.876
-4.870E-12;17.790;4.870
-4.863E-12;17.794;4.863
-4.859E-12;17.794;4.859
-4.853E-12;17.794;4.853
-4.851E-12;17.793;4.851
-4.845E-12;17.794;4.845
-4.843E-12;17.794;4.843
-4.838E-12;17.793;4.838
-4.835E-12;17.791;4.835
-4.829E-12;17.793;4.829
-4.829E-12;17.793;4.829
-4.826E-12;17.790;4.826
-4.821E-12;17.793;4.821
-4.813E-12;17.790;4.813
-4.810E-12;17.795;4.810
-4.803E-12;17.787;4.803
-4.796E-12;17.786;4.796
-4.790E-12;17.791;4.790
-4.787E-12;17.792;4.787
-4.784E-12;17.793;4.784
-4.782E-12;17.789;4.782
-4.782E-12;17.794;4.782
-4.779E-12;17.791;4.779
-4.775E-12;17.793;4.775
-4.771E-12;17.793;4.771
-4.770E-12;17.793;4.770
-4.764E-12;17.794;4.764
-4.761E-12;17.790;4.761
-4.753E-12;17.793;4.753
-4.748E-12;17.793;4.748
-4.743E-12;17.798;4.743
-4.740E-12;17.795;4.740
-4.735E-12;17.793;4.735
-4.735E-12;17.786;4.735
-4.728E-12;17.793;4.728
-4.725E-12;17.792;4.725
-4.720E-12;17.792;4.720
-4.718E-12;17.795;4.718
-4.715E-12;17.795;4.715
-4.715E-12;17.793;4.715
-4.710E-12;17.789;4.710
-4.710E-12;17.791;4.710
-4.709E-12;17.794;4.709
-4.704E-12;17.794;4.704
-4.697E-12;17.795;4.697
-4.693E-12;17.792;4.693
-4.686E-12;17.794;4.686
-4.684E-12;17.794;4.684
-4.684E-12;17.795;4.684
-4.679E-12;17.794;4.679
-4.672E-12;17.799;4.672
-4.674E-12;17.793;4.674
-4.669E-12;17.794;4.669
-4.667E-12;17.793;4.667
-4.661E-12;17.792;4.661
-4.657E-12;17.797;4.657
-4.656E-12;17.791;4.656
-4.651E-12;17.791;4.651
-4.647E-12;17.794;4.647
-4.644E-12;17.792;4.644
-4.637E-12;17.794;4.637
-4.633E-12;17.793;4.633
-4.632E-12;17.794;4.632
-4.631E-12;17.793;4.631
-4.631E-12;17.796;4.631
-4.634E-12;17.793;4.634
-4.631E-12;17.794;4.631
-4.635E-12;17.789;4.635
-4.631E-12;17.792;4.631
-4.632E-12;17.792;4.632
-4.626E-12;17.793;4.626
-4.622E-12;17.793;4.622
-4.624E-12;17.792;4.624
-4.619E-12;17.795;4.619
-4.615E-12;17.793;4.615
-4.613E-12;17.793;4.613
-4.609E-12;17.794;4.609
-4.605E-12;17.787;4.605
-4.600E-12;17.792;4.600
-4.591E-12;17.793;4.591
-4.586E-12;17.804;4.586
-4.585E-12;17.799;4.585
-4.578E-12;17.792;4.578
-4.576E-12;17.794;4.576
-4.569E-12;17.793;4.569
-4.570E-12;17.800;4.570
-4.566E-12;17.795;4.566
-4.563E-12;17.794;4.563
-4.561E-12;17.796;4.561
-4.560E-12;17.793;4.560
-4.558E-12;17.795;4.558
-4.558E-12;17.793;4.558
-4.553E-12;17.792;4.553
-4.553E-12;17.795;4.553
-4.547E-12;17.793;4.547
-4.545E-12;17.793;4.545
-4.542E-12;17.795;4.542
-4.539E-12;17.794;4.539
-4.534E-12;17.796;4.534
-4.535E-12;17.793;4.535
-4.529E-12;17.794;4.529
-4.524E-12;17.792;4.524
-4.525E-12;17.784;4.525
-4.522E-12;17.795;4.522
-4.519E-12;17.793;4.519
-4.518E-12;17.792;4.518
-4.513E-12;17.794;4.513
-4.512E-12;17.794;4.512
-4.505E-12;17.794;4.505
-4.504E-12;17.795;4.504
-4.501E-12;17.797;4.501
-4.499E-12;17.794;4.499
-4.492E-12;17.794;4.492
-4.491E-12;17.795;4.491
-4.488E-12;17.794;4.488
-4.485E-12;17.794;4.485
-4.479E-12;17.792;4.479
-4.478E-12;17.795;4.478
-4.473E-12;17.793;4.473
-4.472E-12;17.793;4.472
-4.472E-12;17.794;4.472
-4.464E-12;17.795;4.464
-4.462E-12;17.793;4.462
-4.456E-12;17.794;4.456
-4.459E-12;17.794;4.459
-4.459E-12;17.799;4.459
-4.454E-12;17.793;4.454
-4.448E-12;17.792;4.448
-4.450E-12;17.786;4.450
-4.444E-12;17.792;4.444
-4.449E-12;17.795;4.449
-4.440E-12;17.794;4.440
-4.437E-12;17.793;4.437
-4.431E-12;17.794;4.431
-4.433E-12;17.794;4.433
-4.431E-12;17.795;4.431
-4.429E-12;17.794;4.429
-4.425E-12;17.795;4.425
-4.418E-12;17.793;4.418
-4.412E-12;17.790;4.412
-4.408E-12;17.790;4.408
-4.410E-12;17.801;4.410
-4.409E-12;17.793;4.409
-4.409E-12;17.795;4.409
-4.408E-12;17.796;4.408
-4.402E-12;17.794;4.402
-4.398E-12;17.794;4.398
-4.394E-12;17.796;4.394
-4.397E-12;17.793;4.397
-4.388E-12;17.791;4.388
-4.388E-12;17.794;4.388
-4.386E-12;17.793;4.386
-4.378E-12;17.794;4.378
-4.377E-12;17.795;4.377
-4.374E-12;17.794;4.374
-4.371E-12;17.795;4.371
-4.371E-12;17.794;4.371
-4.366E-12;17.790;4.366
-4.361E-12;17.794;4.361
-4.362E-12;17.794;4.362
-4.361E-12;17.789;4.361
-4.354E-12;17.794;4.354
-4.350E-12;17.793;4.350
-4.344E-12;17.795;4.344
-4.345E-12;17.793;4.345
-4.339E-12;17.794;4.339
-4.334E-12;17.794;4.334
-4.335E-12;17.795;4.335
-4.323E-12;17.794;4.323
-4.325E-12;17.795;4.325
-4.324E-12;17.794;4.324
-4.320E-12;17.795;4.320
-4.321E-12;17.794;4.321
-4.324E-12;17.794;4.324
-4.314E-12;17.795;4.314
-4.312E-12;17.795;4.312
-4.314E-12;17.793;4.314
-4.313E-12;17.795;4.313
-4.317E-12;17.795;4.317
-4.305E-12;17.792;4.305
-4.304E-12;17.797;4.304
-4.300E-12;17.789;4.300
-4.299E-12;17.793;4.299
-4.295E-12;17.790;4.295
-4.295E-12;17.794;4.295
-4.291E-12;17.793;4.291
-4.290E-12;17.793;4.290
-4.289E-12;17.794;4.289
-4.285E-12;17.797;4.285
-4.290E-12;17.792;4.290
-4.288E-12;17.795;4.288
-4.285E-12;17.795;4.285
-4.282E-12;17.795;4.282
-4.278E-12;17.792;4.278
-4.273E-12;17.792;4.273
-4.269E-12;17.795;4.269
-4.267E-12;17.794;4.267
-4.263E-12;17.795;4.263
-4.264E-12;17.788;4.264
-4.261E-12;17.794;4.261
-4.261E-12;17.793;4.261
-4.258E-12;17.795;4.258
-4.253E-12;17.794;4.253
-4.256E-12;17.789;4.256
-4.252E-12;17.794;4.252
-4.251E-12;17.793;4.251
-4.250E-12;17.794;4.250
-4.246E-12;17.793;4.246
-4.241E-12;17.786;4.241
-4.241E-12;17.792;4.241
-4.235E-12;17.794;4.235
-4.229E-12;17.793;4.229
-4.225E-12;17.794;4.225
-4.224E-12;17.794;4.224
-4.220E-12;17.793;4.220
-4.217E-12;17.791;4.217
-4.218E-12;17.792;4.218
-4.210E-12;17.796;4.210
-4.210E-12;17.792;4.210
-4.206E-12;17.790;4.206
-4.206E-12;17.792;4.206
-4.205E-12;17.792;4.205
-4.199E-12;17.794;4.199
-4.199E-12;17.794;4.199
-4.195E-12;17.795;4.195
-4.196E-12;17.794;4.196
-4.196E-12;17.807;4.196
-4.197E-12;17.882;4.197
-4.212E-12;17.935;4.212
-4.248E-12;17.955;4.248
-4.291E-12;18.011;4.291
-4.344E-12;18.078;4.344
-4.403E-12;18.121;4.403
-4.471E-12;18.176;4.471
-4.539E-12;18.236;4.539
-4.606E-12;18.293;4.606
-4.681E-12;18.370;4.681
-4.764E-12;18.475;4.764
-4.856E-12;18.595;4.856
-4.970E-12;18.708;4.970
-5.103E-12;18.860;5.103
-5.262E-12;19.065;5.262
-5.454E-12;19.166;5.454
-5.659E-12;19.205;5.659
-5.839E-12;19.220;5.839
-5.971E-12;19.226;5.971
-6.064E-12;19.234;6.064
-6.124E-12;19.358;6.124
-6.189E-12;19.547;6.189
-6.292E-12;19.643;6.292
-6.426E-12;19.687;6.426
-6.564E-12;19.701;6.564
-6.673E-12;19.712;6.673
-6.751E-12;19.708;6.751
-6.801E-12;19.721;6.801
-6.829E-12;19.722;6.829
-6.843E-12;19.723;6.843
-6.858E-12;19.728;6.858
-6.867E-12;19.730;6.867
-6.872E-12;19.741;6.872
-6.874E-12;19.730;6.874
-6.876E-12;19.745;6.876
-6.873E-12;19.738;6.873
-6.866E-12;19.729;6.866
-6.862E-12;19.731;6.862
-6.860E-12;19.725;6.860
-6.855E-12;19.731;6.855
-6.850E-12;19.730;6.850
-6.847E-12;19.732;6.847
-6.833E-12;19.729;6.833
-6.829E-12;19.732;6.829
-6.827E-12;19.733;6.827
-6.821E-12;19.728;6.821
-6.807E-12;19.731;6.807
-6.802E-12;19.730;6.802
-6.794E-12;19.730;6.794
-6.794E-12;19.731;6.794
-6.784E-12;19.732;6.784
-6.779E-12;19.729;6.779
-6.770E-12;19.731;6.770
-6.767E-12;19.730;6.767
-6.766E-12;19.728;6.766
-6.755E-12;19.729;6.755
-6.749E-12;19.730;6.749
-6.742E-12;19.730;6.742
-6.735E-12;19.731;6.735
-6.732E-12;19.729;6.732
-6.716E-12;19.730;6.716
-6.711E-12;19.730;6.711
-6.704E-12;19.728;6.704
-6.699E-12;19.729;6.699
-6.694E-12;19.733;6.694
-6.688E-12;19.762;6.688
-6.690E-12;19.835;6.690
-6.708E-12;19.883;6.708
-6.747E-12;19.918;6.747
-6.786E-12;19.966;6.786
-6.837E-12;20.064;6.837
-6.901E-12;20.173;6.901
-6.976E-12;20.267;6.976
-7.073E-12;20.348;7.073
-7.179E-12;20.455;7.179
-7.287E-12;20.574;7.287
-7.406E-12;20.723;7.406
-7.547E-12;20.884;7.547
-7.698E-12;20.999;7.698
-7.861E-12;21.062;7.861
-8.002E-12;21.086;8.002
-8.119E-12;21.099;8.119
-8.198E-12;21.103;8.198
-8.252E-12;21.105;8.252
-8.280E-12;21.106;8.280
-8.299E-12;21.107;8.299
-8.308E-12;21.105;8.308
-8.309E-12;21.106;8.309
-8.307E-12;21.099;8.307
-8.312E-12;21.109;8.312
-8.312E-12;21.104;8.312
-8.308E-12;21.106;8.308
-8.298E-12;21.106;8.298
-8.293E-12;21.107;8.293
-8.290E-12;21.109;8.290
-8.280E-12;21.107;8.280
-8.277E-12;21.101;8.277
-8.268E-12;21.107;8.268
-8.260E-12;21.110;8.260
-8.248E-12;21.108;8.248
-8.242E-12;21.108;8.242
-8.233E-12;21.107;8.233
-8.225E-12;21.109;8.225
-8.220E-12;21.101;8.220
-8.209E-12;21.114;8.209
-8.205E-12;21.108;8.205
-8.197E-12;21.107;8.197
-8.192E-12;21.110;8.192
-8.181E-12;21.108;8.181
-8.173E-12;21.108;8.173
-8.166E-12;21.108;8.166
-8.159E-12;21.107;8.159
-8.148E-12;21.107;8.148
-8.142E-12;21.107;8.142
-8.138E-12;21.101;8.138
-8.133E-12;21.107;8.133
-8.126E-12;21.130;8.126
-8.123E-12;21.159;8.123
-8.127E-12;21.171;8.127
-8.131E-12;21.239;8.131
-8.152E-12;21.315;8.152
-8.183E-12;21.347;8.183
-8.217E-12;21.362;8.217
-8.258E-12;21.400;8.258
-8.288E-12;21.449;8.288
-8.323E-12;21.477;8.323
-8.352E-12;21.515;8.352
-8.380E-12;21.616;8.380
-8.421E-12;21.792;8.421
-8.492E-12;21.975;8.492
-8.584E-12;22.101;8.584
-8.689E-12;22.197;8.689
-8.800E-12;22.296;8.800
-8.893E-12;22.390;8.893
-8.986E-12;22.492;8.986
-9.066E-12;22.596;9.066
-9.147E-12;22.669;9.147
-9.210E-12;22.719;9.210
-9.264E-12;22.744;9.264
-9.317E-12;22.751;9.317
-9.357E-12;22.754;9.357
-9.376E-12;22.755;9.376
-9.388E-12;22.765;9.388
-9.389E-12;22.755;9.389
-9.394E-12;22.754;9.394
-9.395E-12;22.757;9.395
-9.391E-12;22.754;9.391
-9.389E-12;22.753;9.389
-9.379E-12;22.747;9.379
-9.373E-12;22.755;9.373
-9.372E-12;22.756;9.372
-9.369E-12;22.757;9.369
-9.356E-12;22.757;9.356
-9.355E-12;22.753;9.355
-9.349E-12;22.755;9.349
-9.340E-12;22.755;9.340
-9.329E-12;22.755;9.329
-9.325E-12;22.755;9.325
-9.322E-12;22.753;9.322
-9.312E-12;22.753;9.312
-9.306E-12;22.755;9.306
-9.299E-12;22.758;9.299
-9.290E-12;22.755;9.290
-9.282E-12;22.755;9.282
-9.275E-12;22.753;9.275
-9.269E-12;22.756;9.269
-9.259E-12;22.754;9.259
-9.258E-12;22.744;9.258
-9.250E-12;22.754;9.250
-9.245E-12;22.753;9.245
-9.240E-12;22.752;9.240
-9.231E-12;22.756;9.231
-9.226E-12;22.755;9.226
-9.221E-12;22.756;9.221
-9.216E-12;22.753;9.216
-9.213E-12;22.755;9.213
-9.199E-12;22.755;9.199
-9.197E-12;22.768;9.197
-9.190E-12;22.803;9.190
-9.191E-12;22.840;9.191
-9.193E-12;22.888;9.193
-9.199E-12;22.959;9.199
-9.213E-12;23.016;9.213
-9.231E-12;23.036;9.231
-9.256E-12;23.053;9.256
-9.271E-12;23.120;9.271
-9.292E-12;23.188;9.292
-9.309E-12;23.274;9.309
-9.322E-12;23.356;9.322
-9.348E-12;23.468;9.348
-9.374E-12;23.581;9.374
-9.400E-12;23.676;9.400
-9.430E-12;23.761;9.430
-9.450E-12;23.883;9.450
-9.474E-12;23.996;9.474
-9.490E-12;24.095;9.490
-9.507E-12;24.216;9.507
-9.513E-12;24.328;9.513
-9.517E-12;24.408;9.517
-9.520E-12;24.463;9.520
-9.523E-12;24.525;9.523
-9.517E-12;24.551;9.517
-9.515E-12;24.558;9.515
-9.521E-12;24.565;9.521
-9.512E-12;24.566;9.512
-9.516E-12;24.557;9.516
-9.509E-12;24.564;9.509
-9.512E-12;24.567;9.512
-9.507E-12;24.565;9.507
-9.508E-12;24.564;9.508
-9.506E-12;24.564;9.506
-9.508E-12;24.569;9.508
-9.506E-12;24.565;9.506
-9.499E-12;24.560;9.499
-9.501E-12;24.597;9.501
-9.507E-12;24.686;9.507
-9.502E-12;24.744;9.502
-9.488E-12;24.790;9.488
-9.484E-12;24.861;9.484
-9.472E-12;24.929;9.472
-9.460E-12;25.000;9.460
-9.446E-12;25.059;9.446
-9.431E-12;25.100;9.431
-9.416E-12;25.140;9.416
-9.403E-12;25.233;9.403
-9.387E-12;25.332;9.387
-9.368E-12;25.377;9.368
-9.344E-12;25.404;9.344
-9.323E-12;25.456;9.323
-9.303E-12;25.531;9.303
-9.288E-12;25.628;9.288
-9.263E-12;25.752;9.263
-9.233E-12;25.832;9.233
-9.201E-12;25.852;9.201
-9.165E-12;25.894;9.165
-9.141E-12;25.956;9.141
-9.116E-12;26.016;9.116
-9.092E-12;26.047;9.092
-9.068E-12;26.058;9.068
-9.058E-12;26.064;9.058
-9.047E-12;26.061;9.047
-9.039E-12;26.066;9.039
-9.043E-12;26.066;9.043
-9.040E-12;26.065;9.040
-9.040E-12;26.066;9.040
-9.043E-12;26.066;9.043
-9.049E-12;26.065;9.049
-9.048E-12;26.066;9.048
-9.050E-12;26.066;9.050
-9.054E-12;26.066;9.054
-9.060E-12;26.065;9.060
-9.066E-12;26.066;9.066
-9.067E-12;26.066;9.067
-9.070E-12;26.079;9.070
-9.074E-12;26.171;9.074
-9.067E-12;26.304;9.067
-9.049E-12;26.383;9.049
-9.033E-12;26.410;9.033
-9.004E-12;26.421;9.004
-8.983E-12;26.443;8.983
-8.970E-12;26.471;8.970
-8.960E-12;26.487;8.960
-8.952E-12;26.513;8.952
-8.948E-12;26.564;8.948
-8.940E-12;26.644;8.940
-8.928E-12;26.691;8.928
-8.918E-12;26.712;8.918
-8.904E-12;26.776;8.904
-8.895E-12;26.826;8.895
-8.888E-12;26.858;8.888
-8.874E-12;26.914;8.874
-8.869E-12;26.970;8.869
-8.861E-12;26.993;8.861
-8.854E-12;27.000;8.854
-8.853E-12;27.001;8.853
-8.856E-12;27.003;8.856
-8.857E-12;27.005;8.857
-8.859E-12;27.004;8.859
-8.862E-12;27.011;8.862
-8.866E-12;27.005;8.866
-8.870E-12;27.004;8.870
-8.881E-12;27.005;8.881
-8.890E-12;27.004;8.890
-8.901E-12;27.005;8.901
-8.910E-12;27.004;8.910
-8.920E-12;27.003;8.920
-8.928E-12;27.009;8.928
-8.933E-12;27.004;8.933
-8.941E-12;27.039;8.941
-8.946E-12;27.102;8.946
-8.954E-12;27.127;8.954
-8.952E-12;27.124;8.952
-8.952E-12;27.154;8.952
-8.955E-12;27.218;8.955
-8.959E-12;27.263;8.959
-8.964E-12;27.322;8.964
-8.969E-12;27.393;8.969
-8.974E-12;27.469;8.974
-8.982E-12;27.544;8.982
-8.991E-12;27.608;8.991
-9.007E-12;27.676;9.007
-9.027E-12;27.736;9.027
-9.053E-12;27.835;9.053
-9.077E-12;27.901;9.077
-9.115E-12;27.959;9.115
-9.161E-12;28.028;9.161
-9.205E-12;28.077;9.205
-9.257E-12;28.138;9.257
-9.311E-12;28.185;9.311
-9.371E-12;28.267;9.371
-9.432E-12;28.337;9.432
-9.500E-12;28.435;9.500
-9.582E-12;28.491;9.582
-9.668E-12;28.524;9.668
-9.752E-12;28.557;9.752
-9.829E-12;28.612;9.829
-9.902E-12;28.677;9.902
-9.973E-12;28.753;9.973
-1.006E-11;28.817;10.058
-1.016E-11;28.886;10.159
-1.027E-11;28.958;10.267
-1.038E-11;29.017;10.384
-1.050E-11;29.059;10.502
-1.062E-11;29.080;10.616
-1.072E-11;29.086;10.719
-1.080E-11;29.090;10.800
-1.086E-11;29.092;10.864
-1.091E-11;29.094;10.911
-1.094E-11;29.092;10.944
-1.098E-11;29.088;10.977
-1.100E-11;29.093;11.004
-1.103E-11;29.092;11.026
-1.105E-11;29.094;11.046
-1.106E-11;29.092;11.061
-1.108E-11;29.092;11.085
-1.110E-11;29.099;11.098
-1.112E-11;29.091;11.115
-1.112E-11;29.087;11.124
-1.114E-11;29.088;11.140
-1.116E-11;29.088;11.156
-1.117E-11;29.091;11.169
-1.118E-11;29.092;11.177
-1.120E-11;29.091;11.195
-1.120E-11;29.092;11.204
-1.122E-11;29.093;11.217
-1.123E-11;29.093;11.228
-1.124E-11;29.090;11.239
-1.125E-11;29.092;11.252
-1.127E-11;29.092;11.266
-1.128E-11;29.092;11.278
-1.129E-11;29.092;11.288
-1.130E-11;29.093;11.299
-1.131E-11;29.094;11.311
-1.132E-11;29.097;11.322
-1.133E-11;29.091;11.334
-1.134E-11;29.087;11.345
-1.136E-11;29.093;11.357
-1.137E-11;29.093;11.367
-1.138E-11;29.102;11.381
-1.139E-11;29.137;11.386
-1.141E-11;29.165;11.414
-1.145E-11;29.184;11.445
-1.150E-11;29.230;11.498
-1.156E-11;29.278;11.557
-1.163E-11;29.306;11.627
-1.170E-11;29.338;11.701
-1.178E-11;29.353;11.781
-1.185E-11;29.359;11.850
-1.190E-11;29.361;11.905
-1.195E-11;29.364;11.953
-1.199E-11;29.405;11.994
-1.203E-11;29.460;12.028
-1.209E-11;29.493;12.086
-1.216E-11;29.554;12.161
-1.225E-11;29.651;12.252
-1.237E-11;29.713;12.371
-1.252E-11;29.766;12.517
-1.267E-11;29.860;12.668
-1.283E-11;29.939;12.830
-1.302E-11;29.997;13.019
-1.321E-11;30.039;13.212
-1.339E-11;30.060;13.388
-1.354E-11;30.102;13.541
-1.367E-11;30.156;13.669
-1.379E-11;30.201;13.793
-1.392E-11;30.266;13.916
-1.405E-11;30.326;14.055
-1.420E-11;30.350;14.202
-1.434E-11;30.363;14.341
-1.446E-11;30.363;14.456
-1.455E-11;30.364;14.545
-1.461E-11;30.368;14.613
-1.465E-11;30.367;14.653
-1.468E-11;30.366;14.682
-1.470E-11;30.366;14.702
-1.472E-11;30.364;14.719
-1.473E-11;30.360;14.732
-1.474E-11;30.365;14.740
-1.475E-11;30.366;14.753
-1.476E-11;30.366;14.762
-1.477E-11;30.366;14.770
-1.478E-11;30.366;14.781
-1.479E-11;30.367;14.789
-1.479E-11;30.362;14.792
-1.480E-11;30.368;14.801
-1.481E-11;30.366;14.805
-1.481E-11;30.368;14.809
-1.481E-11;30.371;14.813
-1.482E-11;30.364;14.821
-1.482E-11;30.369;14.823
-1.483E-11;30.366;14.827
-1.483E-11;30.385;14.833
-1.485E-11;30.438;14.845
-1.489E-11;30.471;14.885
-1.495E-11;30.475;14.949
-1.501E-11;30.490;15.013
-1.508E-11;30.514;15.077
-1.514E-11;30.535;15.136
-1.520E-11;30.561;15.202
-1.526E-11;30.578;15.263
-1.533E-11;30.613;15.330
-1.539E-11;30.647;15.393
-1.547E-11;30.684;15.470
-1.555E-11;30.708;15.554
-1.564E-11;30.737;15.642
-1.572E-11;30.762;15.723
-1.580E-11;30.792;15.798
-1.588E-11;30.816;15.881
-1.596E-11;30.839;15.959
-1.603E-11;30.864;16.031
-1.610E-11;30.898;16.102
-1.618E-11;30.945;16.182
-1.627E-11;30.997;16.273
-1.637E-11;31.049;16.374
-1.649E-11;31.080;16.486
-1.660E-11;31.116;16.598
-1.671E-11;31.174;16.707
-1.682E-11;31.235;16.816
-1.694E-11;31.296;16.941
-1.708E-11;31.331;17.079
-1.721E-11;31.370;17.208
-1.734E-11;31.410;17.338
-1.746E-11;31.429;17.460
-1.756E-11;31.437;17.563
-1.764E-11;31.451;17.645
-1.771E-11;31.457;17.715
-1.776E-11;31.458;17.760
-1.779E-11;31.457;17.794
-1.781E-11;31.457;17.814
-1.783E-11;31.475;17.831
-1.784E-11;31.461;17.840
-1.785E-11;31.460;17.846
-1.785E-11;31.462;17.853
-1.786E-11;31.457;17.859
-1.786E-11;31.460;17.861
-1.787E-11;31.461;17.865
-1.786E-11;31.459;17.864
-1.787E-11;31.455;17.866
-1.786E-11;31.460;17.863
-1.786E-11;31.460;17.862
-1.787E-11;31.457;17.867
-1.786E-11;31.459;17.865
-1.787E-11;31.463;17.866
-1.787E-11;31.459;17.866
-1.787E-11;31.459;17.871
-1.787E-11;31.458;17.871
-1.787E-11;31.474;17.869
-1.787E-11;31.476;17.872
-1.788E-11;31.498;17.883
-1.790E-11;31.532;17.903
-1.794E-11;31.532;17.938
-1.798E-11;31.554;17.978
-1.802E-11;31.554;18.016
-1.805E-11;31.559;18.051
-1.807E-11;31.558;18.074
-1.809E-11;31.581;18.092
-1.811E-11;31.611;18.110
-1.815E-11;31.625;18.145
-1.818E-11;31.631;18.179
-1.822E-11;31.629;18.216
-1.825E-11;31.629;18.249
-1.827E-11;31.632;18.273
-1.829E-11;31.631;18.288
-1.829E-11;31.629;18.294
-1.830E-11;31.632;18.300
-1.830E-11;31.632;18.299
-1.830E-11;31.633;18.302
-1.830E-11;31.639;18.303
-1.831E-11;31.631;18.307
-1.831E-11;31.631;18.306
-1.831E-11;31.631;18.310
-1.831E-11;31.632;18.312
-1.831E-11;31.633;18.312
-1.831E-11;31.632;18.309
-1.831E-11;31.632;18.314
-1.831E-11;31.633;18.311
-1.831E-11;31.641;18.310
-1.831E-11;31.678;18.312
-1.833E-11;31.714;18.333
-1.838E-11;31.722;18.378
-1.842E-11;31.730;18.421
-1.846E-11;31.728;18.459
-1.849E-11;31.739;18.492
-1.852E-11;31.752;18.520
-1.854E-11;31.788;18.539
-1.857E-11;31.864;18.574
-1.864E-11;31.951;18.637
-1.873E-11;32.017;18.732
-1.886E-11;32.091;18.864
-1.901E-11;32.156;19.014
-1.918E-11;32.230;19.176
-1.934E-11;32.272;19.335
-1.948E-11;32.296;19.479
-1.959E-11;32.314;19.591
-1.968E-11;32.344;19.680
-1.975E-11;32.378;19.752
-1.982E-11;32.393;19.821
-1.988E-11;32.404;19.878
-1.992E-11;32.392;19.923
-1.996E-11;32.413;19.958
-1.999E-11;32.420;19.990
-2.001E-11;32.418;20.007
-2.003E-11;32.414;20.025
-2.004E-11;32.422;20.039
-2.004E-11;32.421;20.045
-2.005E-11;32.422;20.047
-2.005E-11;32.420;20.049
-2.005E-11;32.421;20.049
-2.005E-11;32.422;20.047
-2.004E-11;32.421;20.044
-2.004E-11;32.422;20.040
-2.004E-11;32.429;20.040
-2.004E-11;32.450;20.037
-2.004E-11;32.475;20.045
-2.007E-11;32.494;20.068
-2.009E-11;32.523;20.090
-2.012E-11;32.542;20.120
-2.015E-11;32.561;20.154
-2.019E-11;32.582;20.189
-2.022E-11;32.611;20.222
-2.026E-11;32.631;20.258
-2.029E-11;32.647;20.295
-2.033E-11;32.667;20.333
-2.036E-11;32.680;20.364
-2.039E-11;32.705;20.395
-2.042E-11;32.754;20.425
-2.047E-11;32.789;20.466
-2.050E-11;32.825;20.504
-2.056E-11;32.882;20.558
-2.061E-11;32.932;20.609
-2.067E-11;32.951;20.668
-2.073E-11;32.958;20.727
-2.078E-11;32.962;20.777
-2.081E-11;32.973;20.807
-2.083E-11;32.985;20.833
-2.085E-11;32.999;20.849
-2.087E-11;33.003;20.868
-2.088E-11;33.061;20.882
-2.090E-11;33.086;20.904
-2.093E-11;33.096;20.930
-2.096E-11;33.102;20.961
-2.098E-11;33.104;20.985
-2.100E-11;33.104;21.003
-2.101E-11;33.104;21.013
-2.102E-11;33.104;21.021
-2.103E-11;33.104;21.026
-2.103E-11;33.104;21.028
-2.103E-11;33.109;21.027
-2.103E-11;33.103;21.025
-2.103E-11;33.105;21.026
-2.103E-11;33.103;21.025
-2.102E-11;33.104;21.024
-2.102E-11;33.103;21.018
-2.101E-11;33.109;21.014
-2.101E-11;33.104;21.010
-2.101E-11;33.122;21.014
-2.102E-11;33.159;21.017
-2.103E-11;33.210;21.026
-2.105E-11;33.287;21.050
-2.108E-11;33.365;21.084
-2.114E-11;33.428;21.138
-2.119E-11;33.511;21.193
-2.126E-11;33.575;21.257
-2.131E-11;33.649;21.309
-2.136E-11;33.703;21.357
-2.139E-11;33.763;21.391
-2.143E-11;33.797;21.425
-2.145E-11;33.856;21.455
-2.147E-11;33.934;21.471
-2.149E-11;34.020;21.487
-2.150E-11;34.091;21.497
-2.150E-11;34.147;21.501
-2.150E-11;34.210;21.500
-2.149E-11;34.282;21.494
-2.148E-11;34.342;21.481
-2.146E-11;34.390;21.462
-2.144E-11;34.449;21.440
-2.141E-11;34.498;21.412
-2.138E-11;34.539;21.382
-2.136E-11;34.592;21.356
-2.132E-11;34.654;21.320
-2.127E-11;34.699;21.275
-2.123E-11;34.724;21.233
-2.119E-11;34.734;21.191
-2.115E-11;34.737;21.153
-2.112E-11;34.740;21.123
-2.111E-11;34.740;21.109
-2.109E-11;34.749;21.094
-2.110E-11;34.742;21.096
-2.109E-11;34.736;21.094
-2.110E-11;34.741;21.097
-2.110E-11;34.739;21.102
-2.110E-11;34.741;21.101
-2.110E-11;34.741;21.101
-2.110E-11;34.740;21.105
-2.111E-11;34.741;21.112
-2.111E-11;34.741;21.115
-2.112E-11;34.741;21.120
-2.113E-11;34.737;21.129
-2.113E-11;34.740;21.134
-2.114E-11;34.737;21.136
-2.114E-11;34.741;21.141
-2.115E-11;34.739;21.147
-2.115E-11;34.739;21.155
-2.115E-11;34.743;21.153
-2.116E-11;34.749;21.157
-2.116E-11;34.753;21.158
-2.116E-11;34.757;21.163
-2.116E-11;34.785;21.163
-2.116E-11;34.845;21.161
-2.114E-11;34.884;21.141
-2.111E-11;34.916;21.106
-2.107E-11;34.969;21.068
-2.103E-11;35.041;21.027
-2.097E-11;35.114;20.969
-2.089E-11;35.237;20.889
-2.079E-11;35.337;20.792
-2.066E-11;35.401;20.663
-2.052E-11;35.446;20.520
-2.039E-11;35.494;20.390
-2.028E-11;35.516;20.280
-2.018E-11;35.551;20.184
-2.010E-11;35.597;20.095
-2.002E-11;35.652;20.016
-1.993E-11;35.705;19.928
-1.983E-11;35.776;19.832
-1.973E-11;35.829;19.729
-1.961E-11;35.864;19.607
-1.949E-11;35.892;19.490
-1.939E-11;35.907;19.388
-1.930E-11;35.914;19.300
-1.924E-11;35.914;19.237
-1.919E-11;35.920;19.190
-1.916E-11;35.921;19.159
-1.915E-11;35.920;19.147
-1.914E-11;35.921;19.140
-1.914E-11;35.922;19.136
-1.914E-11;35.922;19.138
-1.915E-11;35.922;19.148
-1.915E-11;35.917;19.153
-1.916E-11;35.937;19.160
-1.916E-11;35.975;19.164
-1.915E-11;36.031;19.151
-1.910E-11;36.092;19.096
-1.902E-11;36.165;19.022
-1.891E-11;36.217;18.912
-1.878E-11;36.237;18.781
-1.867E-11;36.288;18.669
-1.855E-11;36.417;18.553
-1.841E-11;36.478;18.409
-1.824E-11;36.503;18.237
-1.808E-11;36.509;18.079
-1.795E-11;36.514;17.946
-1.786E-11;36.514;17.857
-1.780E-11;36.511;17.804
-1.777E-11;36.517;17.773
-1.776E-11;36.516;17.760
-1.775E-11;36.515;17.755
-1.775E-11;36.515;17.754
-1.776E-11;36.518;17.756
-1.776E-11;36.517;17.757
-1.776E-11;36.515;17.765
-1.777E-11;36.521;17.774
-1.779E-11;36.519;17.785
-1.779E-11;36.545;17.793
-1.779E-11;36.576;17.789
-1.777E-11;36.601;17.768
-1.773E-11;36.641;17.727
-1.768E-11;36.657;17.677
-1.761E-11;36.667;17.614
-1.755E-11;36.687;17.554
-1.751E-11;36.697;17.508
-1.747E-11;36.723;17.465
-1.743E-11;36.736;17.429
-1.738E-11;36.765;17.382
-1.733E-11;36.799;17.333
-1.728E-11;36.832;17.275
-1.720E-11;36.849;17.201
-1.713E-11;36.854;17.128
-1.707E-11;36.867;17.066
-1.701E-11;36.911;17.015
-1.696E-11;36.946;16.958
-1.690E-11;36.971;16.895
-1.682E-11;37.013;16.824
-1.674E-11;37.044;16.741
-1.666E-11;37.062;16.660
-1.658E-11;37.102;16.579
-1.650E-11;37.140;16.500
-1.641E-11;37.172;16.412
-1.632E-11;37.206;16.324
-1.623E-11;37.224;16.235
-1.615E-11;37.233;16.147
-1.608E-11;37.238;16.082
-1.604E-11;37.241;16.035
-1.600E-11;37.245;16.001
-1.598E-11;37.240;15.985
-1.598E-11;37.241;15.980
-1.598E-11;37.240;15.980
-1.598E-11;37.241;15.982
-1.598E-11;37.238;15.984
-1.599E-11;37.243;15.995
-1.601E-11;37.240;16.006
-1.601E-11;37.241;16.012
-1.602E-11;37.252;16.021
-1.603E-11;37.324;16.029
-1.599E-11;37.418;15.990
-1.590E-11;37.466;15.903
-1.578E-11;37.508;15.776
-1.563E-11;37.564;15.633
-1.549E-11;37.601;15.492
-1.535E-11;37.656;15.351
-1.521E-11;37.704;15.211
-1.508E-11;37.716;15.076
-1.496E-11;37.740;14.959
-1.487E-11;37.768;14.870
-1.479E-11;37.779;14.791
-1.473E-11;37.803;14.726
-1.468E-11;37.832;14.676
-1.462E-11;37.861;14.619
-1.456E-11;37.876;14.559
-1.450E-11;37.913;14.503
-1.445E-11;37.966;14.447
-1.437E-11;38.003;14.375
-1.429E-11;38.040;14.289
-1.421E-11;38.074;14.207
-1.412E-11;38.121;14.122
-1.403E-11;38.193;14.033
-1.395E-11;38.283;13.946
-1.383E-11;38.352;13.834
-1.371E-11;38.375;13.707
-1.359E-11;38.421;13.589
-1.348E-11;38.434;13.483
-1.340E-11;38.457;13.397
-1.333E-11;38.473;13.329
-1.328E-11;38.497;13.285
-1.324E-11;38.511;13.241
-1.321E-11;38.515;13.211
-1.319E-11;38.518;13.191
-1.318E-11;38.518;13.179
-1.317E-11;38.538;13.170
-1.316E-11;38.550;13.164
-1.316E-11;38.579;13.156
-1.316E-11;38.608;13.156
-1.314E-11;38.645;13.138
-1.312E-11;38.709;13.117
-1.309E-11;38.771;13.091
-1.305E-11;38.830;13.051
-1.301E-11;38.876;13.008
-1.297E-11;38.906;12.971
-1.294E-11;38.933;12.939
-1.292E-11;38.940;12.921
-1.291E-11;38.977;12.913
-1.291E-11;38.994;12.912
-1.292E-11;38.999;12.916
-1.292E-11;39.000;12.922
-1.293E-11;39.003;12.929
-1.294E-11;39.004;12.943
-1.296E-11;39.004;12.958
-1.297E-11;39.002;12.972
-1.298E-11;39.003;12.980
-1.300E-11;39.003;12.997
-1.302E-11;38.995;13.016
-1.303E-11;39.003;13.030
-1.305E-11;39.006;13.051
-1.306E-11;39.041;13.065
-1.309E-11;39.135;13.089
-1.310E-11;39.197;13.103
-1.312E-11;39.217;13.120
-1.314E-11;39.233;13.145
-1.318E-11;39.250;13.178
-1.320E-11;39.267;13.204
-1.323E-11;39.302;13.234
-1.327E-11;39.329;13.268
-1.330E-11;39.375;13.299
-1.335E-11;39.452;13.352
-1.341E-11;39.501;13.411
-1.349E-11;39.532;13.491
-1.357E-11;39.571;13.567
-1.365E-11;39.598;13.649
-1.372E-11;39.622;13.722
-1.380E-11;39.648;13.802
-1.388E-11;39.685;13.879
-1.396E-11;39.717;13.960
-1.404E-11;39.751;14.038
-1.413E-11;39.794;14.131
-1.424E-11;39.845;14.237
-1.435E-11;39.881;14.351
-1.447E-11;39.924;14.475
-1.461E-11;39.952;14.612
-1.475E-11;40.002;14.749
-1.490E-11;40.060;14.896
-1.506E-11;40.088;15.057
-1.523E-11;40.092;15.226
-1.539E-11;40.120;15.385
-1.552E-11;40.161;15.523
-1.565E-11;40.179;15.649
-1.578E-11;40.186;15.778
-1.589E-11;40.195;15.892
-1.598E-11;40.194;15.984
-1.606E-11;40.215;16.060
-1.613E-11;40.240;16.132
-1.621E-11;40.245;16.211
-1.630E-11;40.268;16.296
-1.640E-11;40.323;16.396
-1.651E-11;40.360;16.510
-1.666E-11;40.394;16.656
-1.682E-11;40.407;16.818
-1.698E-11;40.425;16.984
-1.714E-11;40.435;17.138
-1.727E-11;40.469;17.266
-1.739E-11;40.512;17.391
-1.754E-11;40.578;17.539
-1.772E-11;40.640;17.720
-1.796E-11;40.707;17.961
-1.825E-11;40.740;18.247
-1.855E-11;40.773;18.553
-1.884E-11;40.807;18.838
-1.910E-11;40.850;19.105
-1.935E-11;40.887;19.353
-1.958E-11;40.922;19.582
-1.980E-11;40.969;19.805
-2.004E-11;40.995;20.042
-2.027E-11;41.020;20.267
-2.049E-11;41.044;20.492
-2.070E-11;41.085;20.696
-2.091E-11;41.109;20.914
-2.113E-11;41.129;21.132
-2.133E-11;41.136;21.334
-2.150E-11;41.137;21.501
-2.162E-11;41.140;21.621
-2.171E-11;41.140;21.711
-2.177E-11;41.142;21.771
-2.181E-11;41.139;21.811
-2.184E-11;41.134;21.839
-2.186E-11;41.140;21.863
-2.188E-11;41.142;21.878
-2.189E-11;41.139;21.894
-2.191E-11;41.140;21.906
-2.192E-11;41.140;21.919
-2.193E-11;41.140;21.927
-2.193E-11;41.133;21.934
-2.195E-11;41.140;21.948
-2.195E-11;41.139;21.951
-2.196E-11;41.141;21.962
-2.197E-11;41.164;21.972
-2.201E-11;41.221;22.007
-2.211E-11;41.254;22.112
-2.227E-11;41.275;22.273
-2.246E-11;41.304;22.456
-2.264E-11;41.330;22.637
-2.282E-11;41.348;22.818
-2.299E-11;41.380;22.994
-2.318E-11;41.394;23.178
-2.336E-11;41.406;23.356
-2.351E-11;41.428;23.508
-2.365E-11;41.459;23.649
-2.380E-11;41.482;23.799
-2.395E-11;41.524;23.951
-2.413E-11;41.576;24.134
-2.435E-11;41.607;24.353
-2.459E-11;41.620;24.590
-2.482E-11;41.643;24.823
-2.503E-11;41.670;25.035
-2.522E-11;41.694;25.224
-2.540E-11;41.725;25.395
-2.557E-11;41.769;25.566
-2.576E-11;41.825;25.764
-2.601E-11;41.868;26.006
-2.628E-11;41.886;26.277
-2.653E-11;41.892;26.532
-2.674E-11;41.892;26.743
-2.690E-11;41.892;26.898
-2.699E-11;41.891;26.990
-2.705E-11;41.894;27.048
-2.708E-11;41.892;27.075
-2.709E-11;41.891;27.086
-2.709E-11;41.891;27.093
-2.710E-11;41.895;27.099
-2.711E-11;41.918;27.109
-2.714E-11;41.941;27.143
-2.720E-11;41.952;27.201
-2.729E-11;42.000;27.286
-2.741E-11;42.071;27.410
-2.762E-11;42.130;27.618
-2.789E-11;42.152;27.894
-2.818E-11;42.161;28.180
-2.842E-11;42.194;28.419
-2.863E-11;42.254;28.628
-2.886E-11;42.284;28.863
-2.910E-11;42.294;29.104
-2.931E-11;42.299;29.308
-2.946E-11;42.299;29.462
-2.957E-11;42.299;29.565
-2.963E-11;42.298;29.625
-2.966E-11;42.298;29.661
-2.967E-11;42.299;29.672
-2.968E-11;42.297;29.683
-2.968E-11;42.300;29.684
-2.968E-11;42.300;29.683
-2.968E-11;42.298;29.680
-2.968E-11;42.300;29.677
-2.967E-11;42.299;29.671
-2.966E-11;42.299;29.665
-2.966E-11;42.299;29.660
-2.965E-11;42.299;29.651
-2.964E-11;42.295;29.643
-2.964E-11;42.298;29.640
-2.962E-11;42.298;29.623
-2.962E-11;42.302;29.621
-2.962E-11;42.304;29.616
-2.962E-11;42.305;29.619
-2.962E-11;42.306;29.622
-2.963E-11;42.305;29.627
-2.963E-11;42.318;29.629
-2.963E-11;42.311;29.635
-2.964E-11;42.317;29.636
-2.964E-11;42.337;29.642
-2.968E-11;42.387;29.684
-2.977E-11;42.447;29.773
-2.994E-11;42.489;29.942
-3.016E-11;42.513;30.162
-3.039E-11;42.555;30.394
-3.063E-11;42.621;30.627
-3.088E-11;42.647;30.883
-3.114E-11;42.658;31.139
-3.135E-11;42.676;31.352
-3.152E-11;42.711;31.524
-3.169E-11;42.778;31.687
-3.188E-11;42.850;31.875
-3.212E-11;42.893;32.120
-3.239E-11;42.908;32.389
-3.265E-11;42.924;32.653
-3.288E-11;42.950;32.875
-3.305E-11;42.975;33.048
-3.318E-11;43.000;33.184
-3.331E-11;43.041;33.313
-3.345E-11;43.079;33.449
-3.360E-11;43.096;33.603
-3.375E-11;43.107;33.750
-3.388E-11;43.117;33.879
-3.398E-11;43.133;33.976
-3.405E-11;43.162;34.051
-3.413E-11;43.208;34.131
-3.423E-11;43.238;34.232
-3.436E-11;43.253;34.357
-3.448E-11;43.265;34.477
-3.459E-11;43.275;34.587
-3.467E-11;43.296;34.673
-3.474E-11;43.286;34.738
-3.478E-11;43.302;34.782
-3.482E-11;43.314;34.821
-3.486E-11;43.341;34.858
-3.491E-11;43.382;34.910
-3.499E-11;43.403;34.995
-3.509E-11;43.426;35.088
-3.519E-11;43.446;35.186
-3.527E-11;43.469;35.273
-3.536E-11;43.502;35.360
-3.544E-11;43.542;35.445
-3.555E-11;43.563;35.548
-3.565E-11;43.586;35.651
-3.575E-11;43.593;35.754
-3.584E-11;43.630;35.838
-3.592E-11;43.666;35.920
-3.600E-11;43.703;36.002
-3.610E-11;43.720;36.096
-3.619E-11;43.735;36.191
-3.627E-11;43.756;36.273
-3.634E-11;43.774;36.339
-3.640E-11;43.813;36.404
-3.647E-11;43.873;36.472
-3.656E-11;43.915;36.559
-3.667E-11;43.966;36.669
-3.679E-11;43.991;36.787
-3.690E-11;44.018;36.904
-3.701E-11;44.047;37.014
-3.710E-11;44.092;37.103
-3.719E-11;44.114;37.187
-3.726E-11;44.124;37.259
-3.732E-11;44.127;37.321
-3.736E-11;44.128;37.365
-3.738E-11;44.137;37.384
-3.739E-11;44.146;37.395
-3.740E-11;44.160;37.405
-3.741E-11;44.184;37.414
-3.743E-11;44.212;37.429
-3.745E-11;44.250;37.454
-3.749E-11;44.277;37.492
-3.754E-11;44.288;37.536
-3.758E-11;44.301;37.576
-3.761E-11;44.353;37.610
-3.765E-11;44.401;37.647
-3.769E-11;44.420;37.690
-3.773E-11;44.465;37.729
-3.777E-11;44.514;37.774
-3.782E-11;44.567;37.821
-3.786E-11;44.597;37.863
-3.791E-11;44.612;37.906
-3.794E-11;44.630;37.936
-3.795E-11;44.652;37.954
-3.797E-11;44.678;37.968
-3.798E-11;44.693;37.982
-3.799E-11;44.751;37.985
-3.800E-11;44.792;37.996
-3.801E-11;44.804;38.007
-3.801E-11;44.817;38.015
-3.801E-11;44.841;38.015
-3.801E-11;44.860;38.008
-3.800E-11;44.889;38.004
-3.800E-11;44.923;38.000
-3.800E-11;44.963;37.996
-3.798E-11;44.982;37.982
-3.797E-11;45.005;37.971
-3.795E-11;45.035;37.954
-3.794E-11;45.080;37.942
-3.792E-11;45.108;37.921
-3.790E-11;45.129;37.901
-3.788E-11;45.157;37.877
-3.785E-11;45.183;37.847
-3.782E-11;45.223;37.824
-3.779E-11;45.244;37.791
-3.776E-11;45.254;37.763
-3.772E-11;45.259;37.724
-3.770E-11;45.264;37.703
-3.768E-11;45.261;37.678
-3.766E-11;45.260;37.661
-3.765E-11;45.273;37.647
-3.763E-11;45.356;37.634
-3.761E-11;45.443;37.608
-3.755E-11;45.519;37.545
-3.745E-11;45.585;37.451
-3.734E-11;45.639;37.343
-3.722E-11;45.699;37.216
-3.709E-11;45.761;37.091
-3.695E-11;45.839;36.948
-3.677E-11;45.898;36.774
-3.659E-11;45.923;36.587
-3.641E-11;45.934;36.407
-3.627E-11;45.965;36.266
-3.614E-11;46.012;36.142
-3.603E-11;46.025;36.033
-3.593E-11;46.051;35.926
-3.582E-11;46.085;35.819
-3.572E-11;46.136;35.717
-3.559E-11;46.178;35.594
-3.546E-11;46.220;35.461
-3.531E-11;46.258;35.312
-3.516E-11;46.295;35.164
-3.500E-11;46.339;35.004
-3.484E-11;46.365;34.839
-3.467E-11;46.406;34.672
-3.450E-11;46.451;34.502
-3.433E-11;46.483;34.329
-3.416E-11;46.533;34.161
-3.398E-11;46.593;33.976
-3.377E-11;46.618;33.769
-3.357E-11;46.627;33.567
-3.339E-11;46.632;33.387
-3.325E-11;46.635;33.252
-3.316E-11;46.676;33.165
-3.307E-11;46.723;33.073
-3.295E-11;46.743;32.951
-3.280E-11;46.773;32.795
-3.264E-11;46.827;32.635
-3.245E-11;46.853;32.453
-3.227E-11;46.873;32.270
-3.210E-11;46.927;32.098
-3.192E-11;46.964;31.918
-3.173E-11;46.997;31.730
-3.153E-11;47.033;31.533
-3.134E-11;47.042;31.345
-3.117E-11;47.048;31.175
-3.103E-11;47.049;31.035
-3.093E-11;47.051;30.934
-3.086E-11;47.051;30.858
-3.082E-11;47.050;30.821
-3.079E-11;47.057;30.793
-3.077E-11;47.155;30.773
-3.066E-11;47.299;30.663
-3.038E-11;47.378;30.380
-2.997E-11;47.436;29.966
-2.950E-11;47.474;29.504
-2.907E-11;47.536;29.065
-2.866E-11;47.607;28.657
-2.828E-11;47.667;28.279
-2.790E-11;47.719;27.896
-2.752E-11;47.768;27.517
-2.715E-11;47.805;27.145
-2.679E-11;47.825;26.787
-2.648E-11;47.851;26.483
-2.623E-11;47.887;26.231
-2.601E-11;47.909;26.010
-2.581E-11;47.939;25.808
-2.562E-11;47.944;25.617
-2.545E-11;47.962;25.454
-2.531E-11;48.031;25.307
-2.512E-11;48.083;25.123
-2.488E-11;48.103;24.879
-2.461E-11;48.110;24.614
-2.441E-11;48.112;24.406
-2.425E-11;48.128;24.247
-2.413E-11;48.143;24.133
-2.403E-11;48.188;24.032
-2.392E-11;48.252;23.916
-2.373E-11;48.300;23.731
-2.348E-11;48.351;23.482
-2.317E-11;48.415;23.169
-2.284E-11;48.446;22.841
-2.253E-11;48.473;22.529
-2.226E-11;48.524;22.257
-2.199E-11;48.565;21.991
-2.173E-11;48.592;21.730
-2.149E-11;48.606;21.485
-2.127E-11;48.619;21.273
-2.109E-11;48.644;21.088
-2.093E-11;48.670;20.931
-2.078E-11;48.687;20.778
-2.064E-11;48.692;20.640
-2.053E-11;48.695;20.528
-2.043E-11;48.695;20.434
-2.037E-11;48.696;20.370
-2.034E-11;48.702;20.338
-2.031E-11;48.696;20.313
-2.031E-11;48.703;20.306
-2.030E-11;48.736;20.298
-2.026E-11;48.834;20.257
-2.010E-11;48.925;20.105
-1.983E-11;49.009;19.829
-1.947E-11;49.050;19.474
-1.908E-11;49.081;19.080
-1.873E-11;49.124;18.728
-1.844E-11;49.164;18.438
-1.818E-11;49.226;18.177
-1.792E-11;49.271;17.921
-1.767E-11;49.322;17.668
-1.742E-11;49.387;17.420
-1.715E-11;49.458;17.149
-1.687E-11;49.490;16.866
-1.661E-11;49.502;16.605
-1.639E-11;49.511;16.392
-1.622E-11;49.512;16.225
-1.611E-11;49.503;16.113
-1.604E-11;49.533;16.041
-1.598E-11;49.611;15.982
-1.590E-11;49.660;15.897
-1.577E-11;49.714;15.768
-1.561E-11;49.785;15.612
-1.543E-11;49.839;15.427
-1.523E-11;49.903;15.233
-1.505E-11;49.974;15.048
-1.487E-11;50.030;14.870
-1.472E-11;50.052;14.722
-1.460E-11;50.057;14.598
-1.450E-11;50.063;14.503
-1.445E-11;50.064;14.446
-1.441E-11;50.065;14.414
-1.440E-11;50.093;14.397
-1.439E-11;50.175;14.385
-1.437E-11;50.269;14.367
-1.434E-11;50.369;14.339
-1.431E-11;50.423;14.310
-1.430E-11;50.490;14.296
-1.431E-11;50.579;14.311
-1.436E-11;50.643;14.359
-1.444E-11;50.736;14.443
-1.457E-11;50.820;14.568
-1.474E-11;50.867;14.737
-1.494E-11;50.912;14.935
-1.514E-11;50.936;15.143
-1.535E-11;50.945;15.349
-1.552E-11;50.952;15.524
-1.566E-11;50.964;15.660
-1.577E-11;51.049;15.767
-1.592E-11;51.134;15.922
-1.617E-11;51.194;16.169
-1.649E-11;51.315;16.490
-1.691E-11;51.398;16.913
-1.745E-11;51.431;17.446
-1.795E-11;51.445;17.953
-1.838E-11;51.449;18.380
-1.870E-11;51.450;18.698
-1.893E-11;51.463;18.926
-1.911E-11;51.559;19.112
-1.937E-11;51.637;19.371
-1.976E-11;51.713;19.758
-2.027E-11;51.791;20.267
-2.087E-11;51.845;20.867
-2.153E-11;51.904;21.528
-2.216E-11;51.952;22.158
-2.274E-11;51.975;22.745
-2.328E-11;51.988;23.282
-2.372E-11;51.991;23.715
-2.403E-11;51.993;24.025
-2.424E-11;51.996;24.240
-2.439E-11;52.032;24.394
-2.457E-11;52.182;24.575
-2.502E-11;52.281;25.016
-2.572E-11;52.320;25.724
-2.651E-11;52.332;26.508
-2.723E-11;52.340;27.228
-2.774E-11;52.342;27.742
-2.809E-11;52.352;28.087
-2.832E-11;52.388;28.318
-2.853E-11;52.431;28.534
-2.882E-11;52.468;28.817
-2.917E-11;52.497;29.174
-2.956E-11;52.553;29.557
-2.999E-11;52.604;29.992
-3.046E-11;52.630;30.464
-3.096E-11;52.647;30.960
-3.138E-11;52.643;31.377
-3.169E-11;52.648;31.689
-3.190E-11;52.689;31.904
-3.212E-11;52.751;32.120
-3.244E-11;52.815;32.444
-3.292E-11;52.863;32.917
-3.346E-11;52.887;33.461
-3.399E-11;52.921;33.991
-3.447E-11;52.966;34.474
-3.496E-11;52.991;34.961
-3.539E-11;53.019;35.393
-3.579E-11;53.063;35.788
-3.618E-11;53.122;36.182
-3.664E-11;53.169;36.643
-3.716E-11;53.189;37.157
-3.762E-11;53.191;37.623
-3.799E-11;53.190;37.991
-3.823E-11;53.190;38.234
-3.838E-11;53.191;38.382
-3.846E-11;53.212;38.463
-3.855E-11;53.262;38.550
-3.872E-11;53.298;38.723
-3.900E-11;53.327;39.000
-3.934E-11;53.373;39.341
-3.972E-11;53.421;39.723
-4.015E-11;53.464;40.147
-4.063E-11;53.481;40.626
-4.108E-11;53.486;41.085
-4.142E-11;53.487;41.415
-4.162E-11;53.485;41.620
-4.174E-11;53.503;41.743
-4.184E-11;53.548;41.841
-4.200E-11;53.584;42.003
-4.224E-11;53.639;42.245
-4.260E-11;53.699;42.599
-4.304E-11;53.729;43.043
-4.349E-11;53.734;43.491
-4.388E-11;53.739;43.875
-4.414E-11;53.739;44.143
-4.432E-11;53.741;44.321
-4.441E-11;53.740;44.413
-4.446E-11;53.742;44.457
-4.448E-11;53.742;44.478
-4.448E-11;53.728;44.484
-4.448E-11;53.735;44.481
-4.448E-11;53.749;44.476
-4.448E-11;53.797;44.482
-4.459E-11;53.886;44.594
-4.488E-11;53.938;44.877
-4.529E-11;53.950;45.290
-4.572E-11;53.967;45.724
-4.609E-11;53.980;46.086
-4.636E-11;54.012;46.363
-4.660E-11;54.049;46.605
-4.685E-11;54.070;46.850
-4.708E-11;54.072;47.082
-4.729E-11;54.070;47.287
-4.742E-11;54.067;47.421
-4.750E-11;54.081;47.497
-4.755E-11;54.131;47.545
-4.765E-11;54.182;47.654
-4.786E-11;54.229;47.861
-4.817E-11;54.273;48.172
-4.855E-11;54.302;48.547
-4.891E-11;54.334;48.906
-4.922E-11;54.365;49.225
-4.952E-11;54.383;49.520
-4.977E-11;54.393;49.770
-4.997E-11;54.392;49.966
-5.010E-11;54.395;50.100
-5.019E-11;54.388;50.185
-5.024E-11;54.418;50.238
-5.029E-11;54.471;50.288
-5.042E-11;54.562;50.423
-5.069E-11;54.631;50.689
-5.107E-11;54.682;51.068
-5.150E-11;54.718;51.503
-5.191E-11;54.722;51.907
-5.224E-11;54.760;52.241
-5.251E-11;54.817;52.514
-5.276E-11;54.836;52.758
-5.298E-11;54.848;52.976
-5.316E-11;54.847;53.162
-5.329E-11;54.851;53.294
-5.338E-11;54.853;53.375
-5.342E-11;54.876;53.416
-5.346E-11;54.939;53.463
-5.357E-11;54.993;53.569
-5.374E-11;55.036;53.741
-5.396E-11;55.063;53.958
-5.419E-11;55.075;54.186
-5.438E-11;55.079;54.376
-5.451E-11;55.076;54.512
-5.458E-11;55.080;54.584
-5.462E-11;55.100;54.625
-5.466E-11;55.160;54.656
-5.473E-11;55.247;54.727
-5.489E-11;55.344;54.890
-5.514E-11;55.397;55.141
-5.542E-11;55.416;55.423
-5.568E-11;55.426;55.676
-5.586E-11;55.446;55.856
-5.598E-11;55.484;55.977
-5.608E-11;55.541;56.075
-5.618E-11;55.591;56.177
-5.629E-11;55.620;56.293
-5.641E-11;55.625;56.411
-5.651E-11;55.628;56.515
-5.658E-11;55.650;56.579
-5.663E-11;55.759;56.626
-5.669E-11;55.869;56.690
-5.679E-11;55.923;56.794
-5.692E-11;55.943;56.919
-5.703E-11;55.953;57.029
-5.710E-11;55.954;57.101
-5.714E-11;55.955;57.138
-5.715E-11;55.954;57.155
-5.715E-11;55.957;57.146
-5.713E-11;55.959;57.129
-5.711E-11;55.998;57.114
-5.710E-11;56.087;57.105
-5.711E-11;56.141;57.115
-5.713E-11;56.159;57.134
-5.715E-11;56.168;57.146
-5.715E-11;56.173;57.147
-5.715E-11;56.197;57.147
-5.714E-11;56.241;57.135
-5.712E-11;56.301;57.117
-5.709E-11;56.373;57.093
-5.707E-11;56.399;57.065
-5.702E-11;56.410;57.019
-5.698E-11;56.417;56.981
-5.694E-11;56.463;56.937
-5.689E-11;56.572;56.892
-5.682E-11;56.622;56.817
-5.672E-11;56.654;56.720
-5.661E-11;56.663;56.609
-5.651E-11;56.666;56.510
-5.643E-11;56.717;56.425
-5.634E-11;56.794;56.342
-5.623E-11;56.828;56.231
-5.611E-11;56.836;56.115
-5.599E-11;56.848;55.991
-5.589E-11;56.898;55.893
-5.579E-11;56.972;55.787
-5.565E-11;57.001;55.654
-5.550E-11;57.012;55.501
-5.536E-11;57.035;55.358
-5.523E-11;57.143;55.227
-5.505E-11;57.215;55.047
-5.481E-11;57.244;54.811
-5.455E-11;57.256;54.545
-5.430E-11;57.301;54.300
-5.408E-11;57.398;54.084
-5.383E-11;57.454;53.825
-5.353E-11;57.475;53.534
-5.323E-11;57.482;53.235
-5.299E-11;57.516;52.990
-5.278E-11;57.558;52.778
-5.257E-11;57.573;52.568
-5.237E-11;57.579;52.366
-5.219E-11;57.599;52.189
-5.203E-11;57.685;52.029
-5.183E-11;57.757;51.830
-5.154E-11;57.789;51.537
-5.121E-11;57.801;51.206
-5.091E-11;57.854;50.910
-5.061E-11;57.956;50.610
-5.023E-11;57.997;50.228
-4.981E-11;58.014;49.815
-4.944E-11;58.019;49.440
-4.914E-11;58.021;49.137
-4.893E-11;58.022;48.932
-4.881E-11;58.017;48.808
-4.874E-11;58.016;48.735
-4.870E-11;58.017;48.696
-4.868E-11;58.017;48.682
-4.867E-11;58.022;48.672
-4.864E-11;58.113;48.641
-4.849E-11;58.220;48.489
-4.814E-11;58.267;48.137
-4.769E-11;58.285;47.693
-4.725E-11;58.291;47.254
-4.691E-11;58.305;46.908
-4.664E-11;58.386;46.642
-4.634E-11;58.504;46.337
-4.589E-11;58.562;45.888
-4.533E-11;58.583;45.334
-4.478E-11;58.592;44.781
-4.430E-11;58.639;44.302
-4.390E-11;58.747;43.904
-4.344E-11;58.800;43.439
-4.291E-11;58.808;42.905
-4.237E-11;58.827;42.369
-4.193E-11;58.889;41.933
-4.153E-11;58.956;41.533
-4.109E-11;58.982;41.086
-4.059E-11;58.993;40.588
-4.017E-11;59.001;40.168
-3.985E-11;59.035;39.851
-3.958E-11;59.062;39.584
-3.931E-11;59.077;39.309
-3.902E-11;59.096;39.024
-3.877E-11;59.111;38.772
-3.856E-11;59.168;38.556
-3.829E-11;59.319;38.288
-3.780E-11;59.389;37.801
-3.713E-11;59.413;37.134
-3.643E-11;59.422;36.426
-3.585E-11;59.452;35.852
-3.539E-11;59.594;35.394
-3.484E-11;59.688;34.838
-3.412E-11;59.726;34.115
-3.337E-11;59.777;33.374
-3.266E-11;59.793;32.658
-3.206E-11;59.807;32.058
-3.159E-11;59.868;31.591
-3.117E-11;59.908;31.168
-3.073E-11;59.922;30.732
-3.034E-11;59.927;30.338
-3.002E-11;59.930;30.020
-2.979E-11;59.915;29.786
-2.962E-11;59.926;29.623
-2.952E-11;59.929;29.521
-2.946E-11;59.931;29.460
-2.942E-11;59.930;29.417
-2.939E-11;59.929;29.391
-2.937E-11;59.930;29.367
-2.935E-11;59.929;29.351
-2.934E-11;59.931;29.343
-2.934E-11;59.929;29.337
-2.933E-11;59.929;29.335
-2.933E-11;59.928;29.334
-2.933E-11;59.929;29.332
-2.934E-11;59.929;29.336
-2.934E-11;59.930;29.340
-2.935E-11;59.932;29.348
-2.935E-11;59.928;29.350
-2.936E-11;59.928;29.358
-2.936E-11;59.928;29.356
-2.937E-11;59.930;29.366
-2.937E-11;59.929;29.372
-2.938E-11;59.928;29.380
-2.939E-11;59.928;29.386
-2.939E-11;59.917;29.389
-2.939E-11;59.930;29.389
-2.939E-11;59.928;29.395
-2.940E-11;59.925;29.397
-2.940E-11;59.928;29.403
-2.941E-11;59.927;29.409
-2.941E-11;59.930;29.414
-2.942E-11;59.929;29.417
-2.942E-11;59.931;29.425
-2.943E-11;59.924;29.434
-2.943E-11;59.929;29.435
-2.944E-11;59.927;29.438
-2.945E-11;59.928;29.446
-2.945E-11;59.927;29.454
-2.945E-11;59.953;29.453
-2.941E-11;60.063;29.408
-2.918E-11;60.124;29.180
-2.877E-11;60.150;28.765
-2.830E-11;60.158;28.301
-2.790E-11;60.166;27.895
-2.759E-11;60.166;27.586
-2.737E-11;60.203;27.375
-2.718E-11;60.295;27.182
-2.688E-11;60.349;26.884
-2.647E-11;60.371;26.471
-2.605E-11;60.379;26.049
-2.568E-11;60.379;25.684
-2.540E-11;60.426;25.404
-2.515E-11;60.486;25.153
-2.485E-11;60.510;24.847
-2.454E-11;60.516;24.538
-2.426E-11;60.523;24.259
-2.403E-11;60.525;24.035
-2.387E-11;60.535;23.870
-2.374E-11;60.606;23.740
-2.356E-11;60.647;23.557
-2.330E-11;60.661;23.301
-2.302E-11;60.661;23.020
-2.279E-11;60.674;22.788
-2.261E-11;60.731;22.606
-2.242E-11;60.823;22.419
-2.213E-11;60.874;22.129
-2.177E-11;60.892;21.770
-2.142E-11;60.902;21.423
-2.111E-11;60.907;21.109
-2.088E-11;60.938;20.879
-2.070E-11;61.027;20.696
-2.048E-11;61.087;20.483
-2.022E-11;61.109;20.218
-1.993E-11;61.119;19.933
-1.969E-11;61.117;19.690
-1.951E-11;61.148;19.513
-1.937E-11;61.218;19.374
-1.921E-11;61.315;19.213
-1.900E-11;61.385;19.000
-1.876E-11;61.413;18.758
-1.852E-11;61.427;18.525
-1.834E-11;61.428;18.343
-1.821E-11;61.428;18.206
-1.812E-11;61.466;18.117
-1.806E-11;61.525;18.057
-1.800E-11;61.559;17.998
-1.793E-11;61.572;17.928
-1.787E-11;61.576;17.870
-1.782E-11;61.590;17.822
-1.779E-11;61.673;17.791
-1.777E-11;61.744;17.769
-1.775E-11;61.772;17.753
-1.775E-11;61.783;17.752
-1.776E-11;61.786;17.756
-1.777E-11;61.803;17.767
-1.779E-11;61.874;17.786
-1.782E-11;61.914;17.819
-1.788E-11;61.932;17.882
-1.795E-11;61.935;17.948
-1.801E-11;61.939;18.012
-1.807E-11;61.983;18.069
-1.814E-11;62.048;18.137
-1.824E-11;62.074;18.244
-1.837E-11;62.085;18.373
-1.850E-11;62.098;18.499
-1.862E-11;62.176;18.617
-1.877E-11;62.247;18.767
-1.899E-11;62.274;18.995
-1.926E-11;62.284;19.261
-1.949E-11;62.291;19.491
-1.969E-11;62.338;19.685
-1.987E-11;62.418;19.869
-2.013E-11;62.454;20.129
-2.044E-11;62.465;20.436
-2.072E-11;62.471;20.725
-2.098E-11;62.476;20.984
-2.119E-11;62.518;21.192
-2.139E-11;62.551;21.392
-2.161E-11;62.566;21.615
-2.184E-11;62.571;21.844
-2.205E-11;62.579;22.048
-2.222E-11;62.574;22.222
-2.234E-11;62.575;22.340
-2.243E-11;62.579;22.431
-2.249E-11;62.574;22.490
-2.254E-11;62.573;22.540
-2.258E-11;62.582;22.582
-2.262E-11;62.579;22.621
-2.266E-11;62.628;22.664
-2.279E-11;62.677;22.785
-2.302E-11;62.688;23.020
-2.332E-11;62.704;23.321
-2.360E-11;62.708;23.605
-2.383E-11;62.747;23.830
-2.405E-11;62.815;24.055
-2.437E-11;62.843;24.367
-2.476E-11;62.863;24.763
-2.518E-11;62.867;25.180
-2.551E-11;62.874;25.511
-2.577E-11;62.967;25.770
-2.613E-11;63.070;26.134
-2.673E-11;63.112;26.733
-2.746E-11;63.127;27.464
-2.814E-11;63.151;28.138
-2.873E-11;63.232;28.733
-2.937E-11;63.352;29.372
-3.019E-11;63.417;30.190
-3.118E-11;63.443;31.182
-3.213E-11;63.453;32.125
-3.291E-11;63.466;32.906
-3.348E-11;63.526;33.484
-3.401E-11;63.586;34.007
-3.460E-11;63.611;34.604
-3.524E-11;63.621;35.240
-3.578E-11;63.625;35.784
-3.621E-11;63.666;36.209
-3.661E-11;63.734;36.611
-3.713E-11;63.762;37.128
-3.768E-11;63.770;37.681
-3.819E-11;63.774;38.191
-3.858E-11;63.788;38.583
-3.891E-11;63.865;38.910
-3.934E-11;63.952;39.339
-3.999E-11;63.987;39.988
-4.082E-11;64.002;40.821
-4.158E-11;64.005;41.579
-4.213E-11;64.015;42.131
-4.251E-11;64.038;42.514
-4.281E-11;64.083;42.807
-4.315E-11;64.126;43.145
-4.360E-11;64.201;43.595
-4.424E-11;64.246;44.242
-4.502E-11;64.263;45.025
-4.574E-11;64.275;45.737
-4.633E-11;64.316;46.326
-4.684E-11;64.360;46.845
-4.736E-11;64.433;47.364
-4.800E-11;64.475;47.996
-4.874E-11;64.493;48.739
-4.942E-11;64.496;49.417
-4.995E-11;64.524;49.945
-5.039E-11;64.601;50.395
-5.092E-11;64.646;50.924
-5.153E-11;64.664;51.534
-5.213E-11;64.667;52.131
-5.263E-11;64.679;52.635
-5.299E-11;64.722;52.990
-5.334E-11;64.752;53.337
-5.370E-11;64.745;53.700
-5.401E-11;64.752;54.014
-5.425E-11;64.760;54.254
-5.445E-11;64.784;54.449
-5.463E-11;64.806;54.631
-5.484E-11;64.817;54.844
-5.506E-11;64.819;55.059
-5.525E-11;64.821;55.245
-5.538E-11;64.841;55.381
-5.551E-11;64.881;55.513
-5.572E-11;64.913;55.719
-5.603E-11;64.956;56.026
-5.644E-11;64.979;56.441
-5.690E-11;64.988;56.901
-5.732E-11;64.992;57.317
-5.762E-11;65.000;57.617
-5.781E-11;65.046;57.814
-5.806E-11;65.119;58.057
-5.848E-11;65.139;58.476
-5.897E-11;65.147;58.967
-5.943E-11;65.150;59.425
-5.977E-11;65.156;59.770
-6.001E-11;65.172;60.011
-6.020E-11;65.240;60.198
-6.049E-11;65.299;60.487
-6.093E-11;65.320;60.930
-6.144E-11;65.317;61.439
-6.187E-11;65.322;61.868
-6.219E-11;65.321;62.185
-6.236E-11;65.328;62.363
-6.246E-11;65.341;62.463
-6.255E-11;65.363;62.547
-6.266E-11;65.371;62.656
-6.279E-11;65.387;62.789
-6.294E-11;65.432;62.942
-6.318E-11;65.515;63.183
-6.360E-11;65.575;63.604
-6.422E-11;65.594;64.221
-6.489E-11;65.600;64.894
-6.551E-11;65.638;65.507
-6.597E-11;65.729;65.974
-6.648E-11;65.788;66.479
-6.706E-11;65.807;67.060
-6.763E-11;65.812;67.633
-6.812E-11;65.830;68.120
-6.847E-11;65.898;68.474
-6.883E-11;65.947;68.828
-6.924E-11;65.972;69.243
-6.968E-11;65.981;69.677
-7.006E-11;65.986;70.058
-7.032E-11;66.020;70.319
-7.055E-11;66.133;70.548
-7.091E-11;66.199;70.906
-7.142E-11;66.225;71.423
-7.197E-11;66.234;71.973
-7.243E-11;66.237;72.425
-7.273E-11;66.242;72.732
-7.291E-11;66.241;72.911
-7.300E-11;66.244;72.998
-7.303E-11;66.243;73.026
-7.302E-11;66.245;73.025
-7.301E-11;66.243;73.009
-7.299E-11;66.276;72.988
-7.302E-11;66.361;73.024
-7.321E-11;66.419;73.210
-7.352E-11;66.444;73.525
-7.390E-11;66.452;73.901
-7.422E-11;66.534;74.220
-7.454E-11;66.634;74.536
-7.494E-11;66.674;74.937
-7.537E-11;66.697;75.368
-7.578E-11;66.697;75.777
-7.608E-11;66.718;76.078
-7.628E-11;66.798;76.280
-7.648E-11;66.892;76.480
-7.676E-11;66.928;76.757
-7.706E-11;66.946;77.062
-7.733E-11;66.955;77.331
-7.755E-11;67.002;77.550
-7.774E-11;67.099;77.741
-7.794E-11;67.183;77.941
-7.818E-11;67.209;78.177
-7.841E-11;67.224;78.413
-7.861E-11;67.232;78.605
-7.873E-11;67.298;78.733
-7.884E-11;67.373;78.842
-7.896E-11;67.406;78.958
-7.907E-11;67.419;79.074
-7.917E-11;67.421;79.171
-7.923E-11;67.440;79.226
-7.926E-11;67.529;79.261
-7.930E-11;67.626;79.300
-7.936E-11;67.667;79.355
-7.942E-11;67.681;79.422
-7.947E-11;67.687;79.474
-7.950E-11;67.696;79.500
-7.950E-11;67.769;79.501
-7.950E-11;67.817;79.495
-7.947E-11;67.833;79.474
-7.945E-11;67.839;79.454
-7.943E-11;67.842;79.434
-7.940E-11;67.878;79.400
-7.937E-11;67.925;79.367
-7.933E-11;67.948;79.329
-7.929E-11;67.952;79.292
-7.925E-11;67.955;79.255
-7.922E-11;67.955;79.216
-7.918E-11;67.956;79.183
-7.916E-11;67.956;79.160
-7.913E-11;67.955;79.133
-7.911E-11;67.956;79.114
-7.910E-11;67.956;79.099
-7.908E-11;67.976;79.084
-7.906E-11;68.040;79.064
-7.903E-11;68.088;79.029
-7.897E-11;68.107;78.975
-7.892E-11;68.116;78.916
-7.886E-11;68.120;78.856
-7.880E-11;68.120;78.802
-7.875E-11;68.151;78.753
-7.871E-11;68.230;78.711
-7.865E-11;68.289;78.647
-7.854E-11;68.308;78.540
-7.842E-11;68.319;78.422
-7.831E-11;68.325;78.305
-7.821E-11;68.329;78.212
-7.814E-11;68.382;78.141
-7.806E-11;68.429;78.061
-7.795E-11;68.449;77.955
-7.782E-11;68.457;77.825
-7.770E-11;68.464;77.704
-7.761E-11;68.517;77.608
-7.749E-11;68.576;77.495
-7.734E-11;68.616;77.336
-7.716E-11;68.627;77.158
-7.699E-11;68.649;76.986
-7.682E-11;68.738;76.825
-7.662E-11;68.819;76.624
-7.636E-11;68.851;76.356
-7.605E-11;68.864;76.050
-7.576E-11;68.878;75.760
-7.552E-11;68.936;75.518
-7.530E-11;69.004;75.296
-7.503E-11;69.042;75.031
-7.473E-11;69.056;74.727
-7.444E-11;69.069;74.437
-7.419E-11;69.194;74.191
-7.384E-11;69.364;73.837
-7.324E-11;69.439;73.243
-7.251E-11;69.467;72.514
-7.177E-11;69.479;71.767
-7.116E-11;69.497;71.164
-7.072E-11;69.567;70.716
-7.031E-11;69.610;70.314
-6.988E-11;69.628;69.883
-6.947E-11;69.637;69.467
-6.914E-11;69.644;69.136
-6.886E-11;69.745;68.857
-6.850E-11;69.850;68.502
-6.794E-11;69.891;67.940
-6.728E-11;69.908;67.278
-6.668E-11;69.914;66.682
-6.620E-11;69.959;66.201
-6.575E-11;70.031;65.745
-6.523E-11;70.052;65.227
-6.466E-11;70.065;64.658
-6.420E-11;70.074;64.197
-6.383E-11;70.101;63.826
-6.350E-11;70.160;63.496
-6.315E-11;70.180;63.148
-6.279E-11;70.186;62.787
-6.247E-11;70.203;62.475
-6.219E-11;70.287;62.193
-6.182E-11;70.333;61.822
-6.136E-11;70.354;61.364
-6.088E-11;70.364;60.876
-6.044E-11;70.406;60.443
-6.001E-11;70.527;60.008
-5.943E-11;70.593;59.426
-5.868E-11;70.628;58.684
-5.789E-11;70.638;57.892
-5.720E-11;70.693;57.197
-5.655E-11;70.758;56.551
-5.592E-11;70.776;55.919
-5.533E-11;70.786;55.332
-5.483E-11;70.797;54.829
-5.441E-11;70.871;54.409
-5.397E-11;70.918;53.970
-5.348E-11;70.934;53.475
-5.296E-11;70.978;52.962
-5.244E-11;71.032;52.445
-5.187E-11;71.053;51.872
-5.134E-11;71.063;51.337
-5.087E-11;71.129;50.871
-5.038E-11;71.184;50.383
-4.983E-11;71.205;49.827
-4.927E-11;71.214;49.272
-4.879E-11;71.237;48.790
-4.835E-11;71.273;48.352
-4.794E-11;71.326;47.940
-4.751E-11;71.354;47.507
-4.704E-11;71.362;47.040
-4.660E-11;71.397;46.600
-4.616E-11;71.463;46.162
-4.570E-11;71.502;45.695
-4.517E-11;71.515;45.168
-4.466E-11;71.539;44.655
-4.415E-11;71.617;44.152
-4.362E-11;71.711;43.622
-4.294E-11;71.754;42.941
-4.216E-11;71.771;42.161
-4.146E-11;71.790;41.459
-4.083E-11;71.884;40.835
-4.016E-11;71.985;40.165
-3.941E-11;72.024;39.406
-3.857E-11;72.038;38.569
-3.784E-11;72.061;37.835
-3.723E-11;72.107;37.226
-3.667E-11;72.131;36.674
-3.619E-11;72.140;36.186
-3.579E-11;72.141;35.789
-3.548E-11;72.154;35.477
-3.524E-11;72.190;35.239
-3.499E-11;72.218;34.990
-3.469E-11;72.240;34.689
-3.437E-11;72.245;34.372
-3.409E-11;72.293;34.090
-3.379E-11;72.393;33.790
-3.335E-11;72.452;33.350
-3.278E-11;72.473;32.778
-3.220E-11;72.486;32.202
-3.171E-11;72.558;31.715
-3.125E-11;72.642;31.251
-3.072E-11;72.675;30.722
-3.020E-11;72.691;30.197
-2.973E-11;72.693;29.733
-2.938E-11;72.696;29.380
-2.911E-11;72.752;29.113
-2.886E-11;72.800;28.862
-2.858E-11;72.818;28.578
-2.830E-11;72.825;28.296
-2.806E-11;72.826;28.056
-2.787E-11;72.826;27.867
-2.773E-11;72.829;27.731
-2.765E-11;72.824;27.645
-2.760E-11;72.874;27.597
-2.751E-11;72.988;27.511
-2.732E-11;73.056;27.319
-2.702E-11;73.069;27.018
-2.669E-11;73.091;26.686
-2.642E-11;73.196;26.415
-2.616E-11;73.299;26.156
-2.589E-11;73.346;25.893
-2.565E-11;73.366;25.648
-2.544E-11;73.380;25.443
-2.530E-11;73.445;25.296
-2.518E-11;73.500;25.182
-2.511E-11;73.513;25.111
-2.506E-11;73.564;25.059
-2.504E-11;73.672;25.043
-2.507E-11;73.729;25.074
-2.515E-11;73.749;25.145
-2.524E-11;73.759;25.237
-2.533E-11;73.777;25.326
-2.542E-11;73.865;25.417
-2.556E-11;73.977;25.555
-2.579E-11;74.051;25.791
-2.613E-11;74.076;26.128
-2.648E-11;74.086;26.481
-2.680E-11;74.089;26.804
-2.706E-11;74.115;27.064
-2.727E-11;74.199;27.274
-2.753E-11;74.244;27.533
-2.788E-11;74.257;27.876
-2.823E-11;74.256;28.234
-2.854E-11;74.261;28.538
-2.878E-11;74.260;28.782
-2.896E-11;74.274;28.959
-2.910E-11;74.320;29.099
-2.929E-11;74.390;29.288
-2.958E-11;74.400;29.585
-2.994E-11;74.401;29.939
-3.026E-11;74.409;30.259
-3.052E-11;74.490;30.515
-3.088E-11;74.607;30.875
-3.146E-11;74.676;31.465
-3.222E-11;74.696;32.224
-3.302E-11;74.698;33.018
-3.364E-11;74.697;33.642
-3.408E-11;74.698;34.080
-3.436E-11;74.696;34.357
-3.453E-11;74.713;34.526
-3.469E-11;74.813;34.691
-3.506E-11;74.869;35.059
-3.563E-11;74.883;35.628
-3.625E-11;74.886;36.248
-3.680E-11;74.886;36.798
-3.720E-11;74.899;37.196
-3.747E-11;74.944;37.474
-3.777E-11;75.012;37.774
-3.824E-11;75.090;38.239
-3.895E-11;75.130;38.951
-3.978E-11;75.139;39.780
-4.056E-11;75.151;40.565
-4.122E-11;75.153;41.225
-4.165E-11;75.206;41.654
-4.206E-11;75.288;42.060
-4.268E-11;75.335;42.675
-4.343E-11;75.351;43.434
-4.418E-11;75.356;44.183
-4.483E-11;75.380;44.826
-4.535E-11;75.506;45.353
-4.609E-11;75.586;46.090
-4.711E-11;75.605;47.114
-4.816E-11;75.613;48.160
-4.906E-11;75.626;49.057
-4.972E-11;75.700;49.721
-5.040E-11;75.765;50.400
-5.118E-11;75.784;51.178
-5.196E-11;75.788;51.965
-5.267E-11;75.842;52.674
-5.334E-11;75.961;53.336
-5.423E-11;76.051;54.234
-5.541E-11;76.062;55.408
-5.657E-11;76.069;56.573
-5.758E-11;76.094;57.581
-5.834E-11;76.164;58.344
-5.906E-11;76.201;59.059
-5.980E-11;76.216;59.796
-6.049E-11;76.223;60.491
-6.103E-11;76.264;61.033
-6.155E-11;76.350;61.549
-6.224E-11;76.401;62.242
-6.305E-11;76.413;63.050
-6.385E-11;76.462;63.850
-6.468E-11;76.499;64.684
-6.558E-11;76.513;65.582
-6.630E-11;76.548;66.301
-6.689E-11;76.641;66.886
-6.762E-11;76.692;67.622
-6.852E-11;76.721;68.516
-6.939E-11;76.802;69.391
-7.034E-11;76.881;70.344
-7.137E-11;76.917;71.375
-7.241E-11;76.961;72.409
-7.335E-11;77.040;73.347
-7.431E-11;77.073;74.308
-7.519E-11;77.084;75.189
-7.594E-11;77.105;75.942
-7.653E-11;77.164;76.527
-7.709E-11;77.202;77.094
-7.767E-11;77.212;77.674
-7.821E-11;77.233;78.211
-7.866E-11;77.276;78.663
-7.910E-11;77.292;79.097
-7.951E-11;77.299;79.511
-7.989E-11;77.363;79.886
-8.026E-11;77.407;80.263
-8.074E-11;77.423;80.738
-8.123E-11;77.445;81.232
-8.172E-11;77.516;81.716
-8.222E-11;77.556;82.224
-8.277E-11;77.567;82.775
-8.329E-11;77.578;83.286
-8.371E-11;77.580;83.707
-8.398E-11;77.585;83.981
-8.415E-11;77.587;84.147
-8.424E-11;77.590;84.242
-8.430E-11;77.628;84.296
-8.441E-11;77.677;84.409
-8.465E-11;77.690;84.647
-8.494E-11;77.714;84.945
-8.526E-11;77.798;85.265
-8.572E-11;77.854;85.720
-8.630E-11;77.876;86.297
-8.685E-11;77.899;86.853
-8.736E-11;77.967;87.365
-8.788E-11;78.007;87.878
-8.838E-11;78.024;88.378
-8.883E-11;78.038;88.832
-8.921E-11;78.100;89.206
-8.960E-11;78.190;89.599
-9.008E-11;78.239;90.084
-9.065E-11;78.267;90.652
-9.120E-11;78.277;91.199
-9.165E-11;78.317;91.654
-9.201E-11;78.444;92.014
-9.247E-11;78.506;92.466
-9.302E-11;78.530;93.015
-9.356E-11;78.541;93.563
-9.400E-11;78.543;93.996
-9.429E-11;78.546;94.288
-9.447E-11;78.590;94.471
-9.462E-11;78.618;94.616
-9.477E-11;78.623;94.771
-9.493E-11;78.634;94.925
-9.505E-11;78.629;95.049
-9.514E-11;78.641;95.138
-9.519E-11;78.636;95.190
-9.521E-11;78.634;95.208
-9.520E-11;78.635;95.198
-9.518E-11;78.634;95.180
-9.515E-11;78.634;95.153
-9.512E-11;78.648;95.124
-9.512E-11;78.714;95.121
-9.521E-11;78.756;95.214
-9.540E-11;78.774;95.404
-9.561E-11;78.781;95.613
-9.579E-11;78.782;95.790
-9.590E-11;78.784;95.905
-9.597E-11;78.782;95.966
-9.599E-11;78.785;95.994
-9.600E-11;78.783;95.998
-9.599E-11;78.782;95.991
-9.598E-11;78.785;95.977
-9.597E-11;78.824;95.966
-9.600E-11;78.983;96.004
-9.621E-11;79.077;96.210
-9.657E-11;79.109;96.568
-9.696E-11;79.122;96.964
-9.732E-11;79.126;97.318
-9.756E-11;79.129;97.558
-9.770E-11;79.131;97.700
-9.777E-11;79.130;97.767
-9.779E-11;79.130;97.793
-9.781E-11;79.183;97.812
-9.784E-11;79.241;97.844
-9.794E-11;79.264;97.936
-9.805E-11;79.272;98.050
-9.816E-11;79.278;98.165
-9.825E-11;79.280;98.246
-9.829E-11;79.278;98.288
-9.831E-11;79.277;98.307
-9.831E-11;79.278;98.311
-9.830E-11;79.277;98.305
-9.829E-11;79.276;98.293
-9.829E-11;79.277;98.287
-9.828E-11;79.275;98.278
-9.827E-11;79.279;98.267
-9.826E-11;79.309;98.257
-9.827E-11;79.361;98.270
-9.831E-11;79.374;98.310
-9.838E-11;79.380;98.376
-9.844E-11;79.391;98.437
-9.848E-11;79.418;98.484
-9.853E-11;79.438;98.527
-9.857E-11;79.445;98.566
-9.861E-11;79.448;98.606
-9.863E-11;79.448;98.629
-9.864E-11;79.448;98.645
-9.865E-11;79.448;98.654
-9.865E-11;79.448;98.653
-9.865E-11;79.448;98.655
-9.865E-11;79.463;98.652
-9.866E-11;79.507;98.657
-9.868E-11;79.527;98.677
-9.871E-11;79.536;98.707
-9.874E-11;79.562;98.740
-9.878E-11;79.617;98.778
-9.881E-11;79.640;98.813
-9.885E-11;79.654;98.851
-9.889E-11;79.651;98.891
-9.891E-11;79.655;98.914
-9.892E-11;79.692;98.923
-9.894E-11;79.735;98.936
-9.895E-11;79.802;98.949
-9.897E-11;79.826;98.967
-9.898E-11;79.835;98.981
-9.899E-11;79.841;98.986
-9.898E-11;79.840;98.984
-9.898E-11;79.840;98.980
-9.897E-11;79.839;98.974
-9.896E-11;79.852;98.964
-9.896E-11;79.949;98.959
-9.894E-11;80.018;98.940
-9.890E-11;80.038;98.897
-9.885E-11;80.045;98.852
-9.881E-11;80.048;98.806
-9.877E-11;80.049;98.773
-9.874E-11;80.049;98.740
-9.872E-11;80.050;98.722
-9.871E-11;80.049;98.713
-9.870E-11;80.049;98.703
-9.870E-11;80.054;98.699
-9.869E-11;80.049;98.690
-9.869E-11;80.050;98.688
-9.868E-11;80.048;98.685
-9.869E-11;80.047;98.687
-9.868E-11;80.049;98.685
-9.868E-11;80.048;98.684
-9.868E-11;80.046;98.684
-9.868E-11;80.049;98.683
-9.868E-11;80.049;98.684
-9.868E-11;80.050;98.685
-9.869E-11;80.049;98.687
-9.869E-11;80.052;98.689
-9.869E-11;80.047;98.694
-9.870E-11;80.047;98.697
-9.871E-11;80.048;98.706
-9.871E-11;80.047;98.707
-9.872E-11;80.043;98.717
-9.871E-11;80.050;98.715
-9.872E-11;80.046;98.718
-9.872E-11;80.048;98.722
-9.873E-11;80.050;98.730
-9.874E-11;80.047;98.740
-9.875E-11;80.050;98.746
-9.875E-11;80.047;98.753
-9.876E-11;80.047;98.757
-9.876E-11;80.043;98.763
-9.876E-11;80.041;98.765
-9.877E-11;80.051;98.775
-9.878E-11;80.047;98.784
-9.879E-11;80.045;98.790
-9.880E-11;80.046;98.802
-9.881E-11;80.050;98.807
-9.881E-11;80.045;98.813
-9.882E-11;80.047;98.817
-9.883E-11;80.044;98.829
-9.883E-11;80.045;98.828